scorer,DLC_resnet50_SimbaAug9shuffle0_51000,DLC_resnet50_SimbaAug9shuffle0_51000,DLC_resnet50_SimbaAug9shuffle0_51000,DLC_resnet50_SimbaAug9shuffle0_51000,DLC_resnet50_SimbaAug9shuffle0_51000,DLC_resnet50_SimbaAug9shuffle0_51000,DLC_resnet50_SimbaAug9shuffle0_51000,DLC_resnet50_SimbaAug9shuffle0_51000,DLC_resnet50_SimbaAug9shuffle0_51000,DLC_resnet50_SimbaAug9shuffle0_51000,DLC_resnet50_SimbaAug9shuffle0_51000,DLC_resnet50_SimbaAug9shuffle0_51000,DLC_resnet50_SimbaAug9shuffle0_51000,DLC_resnet50_SimbaAug9shuffle0_51000,DLC_resnet50_SimbaAug9shuffle0_51000,DLC_resnet50_SimbaAug9shuffle0_51000,DLC_resnet50_SimbaAug9shuffle0_51000,DLC_resnet50_SimbaAug9shuffle0_51000,DLC_resnet50_SimbaAug9shuffle0_51000,DLC_resnet50_SimbaAug9shuffle0_51000,DLC_resnet50_SimbaAug9shuffle0_51000,DLC_resnet50_SimbaAug9shuffle0_51000,DLC_resnet50_SimbaAug9shuffle0_51000,DLC_resnet50_SimbaAug9shuffle0_51000,DLC_resnet50_SimbaAug9shuffle0_51000,DLC_resnet50_SimbaAug9shuffle0_51000,DLC_resnet50_SimbaAug9shuffle0_51000,DLC_resnet50_SimbaAug9shuffle0_51000,DLC_resnet50_SimbaAug9shuffle0_51000,DLC_resnet50_SimbaAug9shuffle0_51000,DLC_resnet50_SimbaAug9shuffle0_51000,DLC_resnet50_SimbaAug9shuffle0_51000,DLC_resnet50_SimbaAug9shuffle0_51000,DLC_resnet50_SimbaAug9shuffle0_51000,DLC_resnet50_SimbaAug9shuffle0_51000,DLC_resnet50_SimbaAug9shuffle0_51000,DLC_resnet50_SimbaAug9shuffle0_51000,DLC_resnet50_SimbaAug9shuffle0_51000,DLC_resnet50_SimbaAug9shuffle0_51000,DLC_resnet50_SimbaAug9shuffle0_51000,DLC_resnet50_SimbaAug9shuffle0_51000,DLC_resnet50_SimbaAug9shuffle0_51000,DLC_resnet50_SimbaAug9shuffle0_51000,DLC_resnet50_SimbaAug9shuffle0_51000,DLC_resnet50_SimbaAug9shuffle0_51000,DLC_resnet50_SimbaAug9shuffle0_51000,DLC_resnet50_SimbaAug9shuffle0_51000,DLC_resnet50_SimbaAug9shuffle0_51000
bodyparts,earr,earr,earr,earl,earl,earl,eyer,eyer,eyer,eyel,eyel,eyel,nose,nose,nose,throat,throat,throat,elbowr,elbowr,elbowr,elbowl,elbowl,elbowl,handr,handr,handr,handl,handl,handl,tailbase,tailbase,tailbase,tailtip,tailtip,tailtip,kneer,kneer,kneer,kneel,kneel,kneel,ankler,ankler,ankler,anklel,anklel,anklel
coords,x,y,likelihood,x,y,likelihood,x,y,likelihood,x,y,likelihood,x,y,likelihood,x,y,likelihood,x,y,likelihood,x,y,likelihood,x,y,likelihood,x,y,likelihood,x,y,likelihood,x,y,likelihood,x,y,likelihood,x,y,likelihood,x,y,likelihood,x,y,likelihood
0,937.29052734375,621.697021484375,0.04227150231599808,1087.5255126953125,318.481689453125,0.23062297701835632,921.0609741210938,432.58428955078125,0.8936564922332764,1049.9197998046875,432.2683410644531,0.9398577213287354,1001.5390014648438,506.6858825683594,0.34211990237236023,1857.915771484375,821.0972290039062,0.08440759032964706,500.5144958496094,863.755615234375,0.06180208921432495,1058.087890625,433.7384338378906,0.04168084263801575,816.1497192382812,882.7422485351562,0.16830995678901672,816.5618896484375,884.7317504882812,0.14015576243400574,806.6567993164062,892.6818237304688,0.02316414937376976,932.0885620117188,616.1185302734375,0.2216091901063919,940.7157592773438,626.8150634765625,0.011154469102621078,939.8185424804688,624.2769775390625,0.06386164575815201,815.5851440429688,885.2258911132812,0.20155712962150574,814.6028442382812,883.3749389648438,0.030937716364860535
1,797.2001342773438,879.0026245117188,0.02984257973730564,1079.62109375,324.3134460449219,0.3891757130622864,916.38671875,441.1061706542969,0.9421097040176392,1045.528076171875,443.35150146484375,0.9724313616752625,998.5296630859375,518.508544921875,0.5542061924934387,1853.168701171875,825.3097534179688,0.06472885608673096,484.6302185058594,862.2092895507812,0.039527010172605515,360.474365234375,821.5032958984375,0.04883076250553131,804.0387573242188,883.1057739257812,0.12662731111049652,805.8659057617188,882.5479125976562,0.15202075242996216,791.5714721679688,892.6718139648438,0.016588175669312477,338.59600830078125,825.7776489257812,0.1625252515077591,366.234130859375,822.4159545898438,0.007769548334181309,984.3232421875,640.36279296875,0.015795936807990074,352.66815185546875,826.35791015625,0.21385569870471954,356.7004089355469,822.038818359375,0.02473662793636322
2,1637.4364013671875,387.5219421386719,0.04678674042224884,1077.062255859375,325.95697021484375,0.45268169045448303,915.4125366210938,454.61181640625,0.9145529270172119,1043.3079833984375,452.1525573730469,0.9749954342842102,997.44921875,530.10888671875,0.40781983733177185,1842.429931640625,821.5874633789062,0.09418944269418716,777.7432250976562,642.07861328125,0.05043530464172363,1056.7476806640625,448.6025390625,0.052720699459314346,794.3378295898438,879.8075561523438,0.10433412343263626,797.0697631835938,880.9105224609375,0.1191151887178421,984.6123657226562,824.5796508789062,0.014632539823651314,1637.877197265625,388.7030944824219,0.1437007337808609,797.56005859375,732.9640502929688,0.05067642778158188,1012.7598266601562,640.5977172851562,0.03255673870444298,340.75115966796875,825.404541015625,0.26406118273735046,796.3340454101562,879.6865844726562,0.01786375790834427
3,1626.735595703125,388.8180847167969,0.045948512852191925,1076.0537109375,336.4746398925781,0.5761328935623169,915.9653930664062,459.00750732421875,0.9299500584602356,1039.6448974609375,463.61871337890625,0.9312082529067993,995.6878051757812,537.343505859375,0.6060804724693298,1835.6817626953125,821.9620361328125,0.07701689749956131,327.0091247558594,827.8038330078125,0.07062580436468124,325.4857177734375,837.3627319335938,0.06757445633411407,993.6232299804688,819.413818359375,0.10607588291168213,1001.085205078125,821.6676025390625,0.14220604300498962,331.1144714355469,828.3390502929688,0.014598065055906773,323.21112060546875,830.5564575195312,0.24819065630435944,334.1924743652344,827.6119384765625,0.014295521192252636,1055.903564453125,461.05731201171875,0.01897963136434555,332.6876220703125,828.1737060546875,0.2337435781955719,328.89691162109375,823.8275146484375,0.024264436215162277
4,1070.133544921875,338.5620422363281,0.04635504260659218,1074.0513916015625,342.6311950683594,0.6169315576553345,913.09716796875,470.9303283691406,0.8722489476203918,1042.3116455078125,470.78143310546875,0.9704601168632507,999.1922607421875,551.0989379882812,0.4776126444339752,1819.9312744140625,822.6425170898438,0.06021002307534218,453.7557373046875,859.8604736328125,0.05237820744514465,1055.669677734375,463.63262939453125,0.05348282307386398,1038.0792236328125,810.8392333984375,0.2757989764213562,1039.82080078125,816.7175903320312,0.2811179757118225,1050.79345703125,826.071044921875,0.015120371244847775,305.3218994140625,833.4850463867188,0.1465299129486084,317.5827941894531,829.6838989257812,0.007740675006061792,2.309147834777832,570.83447265625,0.012031449936330318,1040.297119140625,814.5380859375,0.3172606825828552,1040.6884765625,814.4239501953125,0.030302153900265694
5,1595.9775390625,385.01910400390625,0.02304011955857277,1080.290771484375,335.5489807128906,0.3047029972076416,916.4610595703125,468.68963623046875,0.9060996174812317,1045.758544921875,461.22955322265625,0.958853542804718,1005.473876953125,536.8377685546875,0.5388725996017456,1802.6302490234375,820.8017578125,0.08649881184101105,406.14111328125,853.1377563476562,0.057699091732501984,307.77239990234375,836.9725952148438,0.0713624656200409,1056.67041015625,828.7431030273438,0.10566819459199905,1059.1063232421875,831.3402709960938,0.116426981985569,316.1382751464844,828.72509765625,0.014075388200581074,303.5078125,833.6205444335938,0.46100249886512756,317.2599792480469,826.8997192382812,0.016123035922646523,312.5697021484375,839.2091674804688,0.02535465732216835,312.6049499511719,825.7852783203125,0.16865628957748413,309.37579345703125,825.4273681640625,0.023069310933351517
6,755.3286743164062,370.38616943359375,0.03205671161413193,1090.0850830078125,335.4684753417969,0.27517449855804443,922.710205078125,461.5370178222656,0.9019212126731873,1050.541259765625,452.16937255859375,0.898734986782074,1013.5577392578125,533.354248046875,0.3101620674133301,1785.4627685546875,811.869140625,0.09441043436527252,407.671875,847.5320434570312,0.06893756240606308,592.0789184570312,712.924560546875,0.208116814494133,301.4790344238281,824.8099975585938,0.10266181826591492,1090.2208251953125,832.3179321289062,0.08523213863372803,300.3318176269531,828.7550659179688,0.012972920201718807,292.72503662109375,834.2066650390625,0.45828428864479065,601.2066650390625,712.2115478515625,0.029074450954794884,600.5067749023438,713.404296875,0.06378301233053207,303.8978576660156,827.138427734375,0.2075842171907425,303.03436279296875,822.5950317382812,0.018588876351714134
7,586.8457641601562,716.3465576171875,0.03309311717748642,1097.702392578125,333.1968078613281,0.31220191717147827,918.133056640625,451.23931884765625,0.9196852445602417,1052.2943115234375,443.3169860839844,0.8879058957099915,1013.6871337890625,527.316650390625,0.4520637094974518,1770.4351806640625,810.8220825195312,0.13980448246002197,733.4638061523438,652.402099609375,0.029213642701506615,580.318603515625,711.3589477539062,0.15528219938278198,1112.5098876953125,851.9115600585938,0.07879521697759628,727.648681640625,881.5675048828125,0.0711146667599678,589.1454467773438,702.8729248046875,0.023682883009314537,1029.840087890625,382.2073974609375,0.12110420316457748,587.3458251953125,710.068359375,0.03964037075638771,586.5587768554688,716.5653076171875,0.06424989551305771,722.9774169921875,883.3954467773438,0.17226774990558624,721.4717407226562,881.0540161132812,0.02585499733686447
8,730.02880859375,648.03173828125,0.040828604251146317,1109.9556884765625,343.1606750488281,0.6319312453269958,921.9505615234375,450.2975769042969,0.9028403162956238,1058.2301025390625,442.6978759765625,0.9402107000350952,1020.6048583984375,522.9778442382812,0.3223549723625183,1754.0045166015625,810.6659545898438,0.12420296669006348,221.6874237060547,812.5546264648438,0.08146054297685623,569.4295043945312,704.5822143554688,0.22799858450889587,1145.092529296875,854.3306884765625,0.08773816376924515,1146.3746337890625,857.6312866210938,0.07501082867383957,574.2029418945312,693.9472045898438,0.03101181611418724,728.8818969726562,653.0469360351562,0.1245729923248291,576.2488403320312,697.39794921875,0.020803246647119522,573.5858764648438,705.8617553710938,0.06187206134200096,1147.5606689453125,856.6671142578125,0.06755775213241577,575.7340087890625,697.8779907226562,0.01555346418172121
9,473.5876159667969,685.384033203125,0.0762099102139473,1107.7449951171875,340.5564270019531,0.5181427001953125,921.9891967773438,441.20599365234375,0.9109330177307129,1060.1993408203125,441.98046875,0.9609723091125488,1017.4544067382812,521.2263793945312,0.49743857979774475,89.45254516601562,811.6267700195312,0.04239635169506073,236.4528350830078,822.5701904296875,0.04095550626516342,590.48095703125,765.5507202148438,0.04350673407316208,1129.6806640625,855.6270751953125,0.11441010981798172,1131.6390380859375,857.9181518554688,0.10180308669805527,513.4421997070312,386.570556640625,0.0742700919508934,1026.69482421875,623.1490478515625,0.26081034541130066,476.71893310546875,684.679443359375,0.029118627309799194,473.53143310546875,689.832763671875,0.02597784250974655,697.0242309570312,878.5139770507812,0.0938643142580986,475.2592468261719,681.9668579101562,0.019199814647436142
10,760.7871704101562,340.43182373046875,0.03893081843852997,1105.029296875,325.61492919921875,0.2809494137763977,921.7283935546875,435.8179931640625,0.9092226028442383,1060.0482177734375,432.3880615234375,0.979272186756134,1020.5049438476562,513.918701171875,0.24545617401599884,1070.6566162109375,423.97637939453125,0.06193891167640686,232.686767578125,827.8125610351562,0.09724564850330353,1030.3681640625,630.6795654296875,0.11626745760440826,679.682373046875,875.7896728515625,0.11931174248456955,683.330810546875,877.5171508789062,0.10246152430772781,239.0403594970703,826.2352905273438,0.034880977123975754,230.40110778808594,823.0455322265625,0.3406928777694702,1040.07861328125,631.938720703125,0.015830600634217262,1033.49560546875,623.5811767578125,0.06227430701255798,433.8758850097656,804.2754516601562,0.1787346601486206,682.1714477539062,879.5242919921875,0.02362477034330368
11,1508.2191162109375,374.5714416503906,0.052727025002241135,1097.32763671875,317.7291564941406,0.30403783917427063,925.03173828125,436.2245178222656,0.9321629405021667,1059.7476806640625,428.3955078125,0.9478422999382019,1021.2047119140625,505.2703857421875,0.4168824255466461,1722.18359375,809.1151733398438,0.08206680417060852,218.12847900390625,825.8168334960938,0.1630314737558365,218.07518005371094,831.0833129882812,0.042756062000989914,663.8364868164062,875.0000610351562,0.12705926597118378,667.7367553710938,875.985107421875,0.11974146217107773,225.25001525878906,825.0551147460938,0.026065176352858543,225.38572692871094,827.3445434570312,0.23446179926395416,671.0684204101562,874.65576171875,0.017167381942272186,224.355224609375,835.8358154296875,0.01543078850954771,665.0382690429688,874.3616333007812,0.1416962742805481,660.0316162109375,872.2052612304688,0.026592904701828957
12,1492.7537841796875,374.099609375,0.0570361390709877,1096.699462890625,309.392333984375,0.24387286603450775,924.52685546875,428.7091369628906,0.9143809676170349,1064.4991455078125,424.3739013671875,0.9727989435195923,1022.7593994140625,503.076904296875,0.4664522409439087,490.2412109375,794.7634887695312,0.11731042712926865,213.83663940429688,825.3170776367188,0.0765795037150383,529.5123291015625,804.1063232421875,0.05338035151362419,646.581298828125,875.4006958007812,0.08605141937732697,649.903564453125,876.7549438476562,0.08700425177812576,649.2457275390625,885.891845703125,0.02211718074977398,211.56712341308594,824.1627197265625,0.36531028151512146,525.7098388671875,677.4148559570312,0.02154327742755413,1031.22998046875,623.2015991210938,0.046880293637514114,644.2112426757812,880.354248046875,0.11913204938173294,643.8850708007812,873.2208251953125,0.02451743558049202
13,712.2266845703125,658.52490234375,0.13116173446178436,1094.4677734375,310.225830078125,0.47488608956336975,924.5259399414062,435.735595703125,0.9261245131492615,1061.9725341796875,427.9520263671875,0.9652706980705261,1021.7557373046875,505.0849304199219,0.4311222732067108,251.52743530273438,744.2182006835938,0.08738911151885986,713.0986328125,661.180908203125,0.1676708459854126,258.5798034667969,749.3944702148438,0.10712182521820068,624.4977416992188,872.0936279296875,0.08426762372255325,518.322021484375,818.59423828125,0.09236891567707062,718.4551391601562,662.7246704101562,0.016367927193641663,713.0114135742188,661.8904418945312,0.23609955608844757,328.2932434082031,735.2871704101562,0.017992287874221802,265.5111389160156,749.0828857421875,0.037602748721838,625.2294311523438,877.5498046875,0.16164813935756683,518.4175415039062,819.406005859375,0.025982478633522987
14,734.2280883789062,656.1783447265625,0.10534027218818665,1097.3214111328125,306.7638854980469,0.3726796805858612,923.2183837890625,428.33984375,0.9124212265014648,1063.58154296875,427.2923889160156,0.9696943759918213,1022.4659423828125,503.5633544921875,0.515587329864502,1673.5325927734375,807.8982543945312,0.09129557758569717,731.21630859375,658.7890014648438,0.07737723737955093,1074.214111328125,433.4270324707031,0.028700532391667366,526.3655395507812,835.9119262695312,0.18194718658924103,532.867431640625,836.8928833007812,0.2160925716161728,506.724609375,369.3592529296875,0.022467419505119324,521.2666625976562,679.59912109375,0.5552515983581543,1023.798828125,630.3925170898438,0.011670592240989208,1013.56787109375,637.4830322265625,0.024158643558621407,529.4829711914062,838.2412719726562,0.2988983392715454,530.150390625,835.3569946289062,0.04017117619514465
15,757.50048828125,329.8801574707031,0.5032666325569153,1095.5343017578125,306.3490295410156,0.4294447898864746,921.5827026367188,426.9134826660156,0.9011735320091248,1061.5430908203125,425.7882385253906,0.9786423444747925,1020.9690551757812,502.66986083984375,0.5990046262741089,1659.799072265625,809.238037109375,0.06474968045949936,535.0073852539062,846.8089599609375,0.041363269090652466,615.896728515625,704.97314453125,0.03807102143764496,545.03857421875,842.8311157226562,0.19707591831684113,546.116455078125,845.1261596679688,0.2869844436645508,502.5456848144531,367.017578125,0.036442797631025314,620.4140625,698.0817260742188,0.3235439360141754,623.9172973632812,701.0814208984375,0.05107123777270317,996.6807861328125,637.9647827148438,0.053301386535167694,544.989013671875,848.3573608398438,0.25443756580352783,545.7595825195312,845.1806640625,0.03919486328959465
16,755.2960815429688,324.46240234375,0.6996803879737854,1089.7813720703125,304.49456787109375,0.17218978703022003,919.5611572265625,423.40484619140625,0.8643624186515808,1059.957763671875,418.9855651855469,0.9756248593330383,1019.2869873046875,502.2564697265625,0.45564448833465576,1071.05908203125,408.313232421875,0.05124318599700928,983.0867309570312,627.7730102539062,0.07974256575107574,1072.744384765625,417.63348388671875,0.044194094836711884,1042.1011962890625,844.5452270507812,0.09366707503795624,1042.7091064453125,847.8009643554688,0.08188219368457794,514.1686401367188,363.4080505371094,0.032478440552949905,776.7454833984375,647.4741821289062,0.5039881467819214,983.1056518554688,628.4140625,0.02476864494383335,982.0719604492188,631.765869140625,0.12176941335201263,1040.4010009765625,846.9830932617188,0.08777270466089249,804.5698852539062,789.9354858398438,0.015369627624750137
17,756.704345703125,320.5380859375,0.6624248623847961,1088.32275390625,293.53753662109375,0.11780425161123276,920.5609741210938,422.2188415527344,0.8569749593734741,1056.9058837890625,417.92144775390625,0.9705835580825806,1017.975830078125,495.20843505859375,0.29931777715682983,1069.1226806640625,408.3131408691406,0.11088081449270248,982.33935546875,627.2207641601562,0.08461292833089828,1070.93994140625,404.6063537597656,0.08068478852510452,1031.121337890625,845.0375366210938,0.08981464803218842,1031.1593017578125,847.4664916992188,0.07483647763729095,522.870361328125,360.92401123046875,0.011247269809246063,801.99853515625,651.8417358398438,0.5874040722846985,979.8755493164062,629.1001586914062,0.019146602600812912,979.2723388671875,635.373779296875,0.09535050392150879,1029.1165771484375,847.552490234375,0.08061357587575912,1030.3944091796875,846.3859252929688,0.015254156664013863
18,762.15380859375,314.6044006347656,0.526811957359314,1089.8828125,288.7142639160156,0.41162097454071045,923.6181640625,420.3763732910156,0.9169348478317261,1060.7191162109375,420.5738830566406,0.9832989573478699,1020.3089599609375,494.8858337402344,0.42733150720596313,1070.0491943359375,411.3949890136719,0.07892851531505585,981.1876220703125,635.6530151367188,0.03951840475201607,1073.119140625,417.5406494140625,0.044576484709978104,784.3817749023438,869.6866455078125,0.06524211913347244,612.8565673828125,858.0811157226562,0.07620194554328918,973.6378784179688,630.3927001953125,0.016509531065821648,594.4772338867188,703.7005615234375,0.14198148250579834,977.7676391601562,630.0452270507812,0.03054104559123516,972.5955200195312,637.3956298828125,0.10577476024627686,607.3960571289062,861.87890625,0.1579442024230957,607.2205200195312,859.6993408203125,0.027119090780615807
19,765.4744873046875,310.0704040527344,0.5560830235481262,1094.24951171875,279.5597839355469,0.29914289712905884,932.4774780273438,420.30108642578125,0.9249594211578369,1065.3275146484375,422.6309814453125,0.9395772814750671,1021.1426391601562,495.74432373046875,0.2934799790382385,1070.7969970703125,411.29595947265625,0.08659517019987106,426.4243469238281,793.7969970703125,0.03182874247431755,1079.8616943359375,410.0596618652344,0.040801454335451126,1008.9338989257812,844.4365844726562,0.08192198723554611,608.1964721679688,859.5775146484375,0.09781642258167267,601.2918701171875,863.6801147460938,0.021567052230238914,1458.418212890625,790.5009765625,0.124787338078022,978.1556396484375,631.39306640625,0.01812055893242359,970.3421020507812,635.7210693359375,0.10256347805261612,602.5962524414062,862.9444580078125,0.14177660644054413,601.0872802734375,860.6080932617188,0.025253217667341232
20,771.7774658203125,307.14654541015625,0.7995637655258179,1097.5125732421875,279.0300598144531,0.1919388622045517,933.580810546875,423.1263427734375,0.9316835999488831,1072.116943359375,426.42791748046875,0.9637950658798218,1029.3812255859375,501.2159729003906,0.2383071482181549,1084.67724609375,407.6257629394531,0.04737769812345505,421.77484130859375,793.4431762695312,0.027254043146967888,1085.096435546875,415.6559753417969,0.045363087207078934,894.2495727539062,844.3067626953125,0.06989404559135437,895.9053955078125,847.8038940429688,0.07469748705625534,588.2710571289062,872.3607177734375,0.01924213208258152,1447.7437744140625,791.0885009765625,0.12344810366630554,491.517822265625,655.5645141601562,0.0146007826551795,968.8793334960938,635.4570922851562,0.09676060825586319,592.3471069335938,864.9598999023438,0.10917775332927704,585.8280029296875,866.8164672851562,0.016789259389042854
21,777.4680786132812,304.9244384765625,0.6115477681159973,1109.4002685546875,277.6573791503906,0.5139680504798889,942.7327880859375,420.7166442871094,0.9478538632392883,1078.0819091796875,420.5451965332031,0.972713828086853,1037.934326171875,489.5865783691406,0.3444078862667084,1086.99072265625,410.8518371582031,0.07228885591030121,407.2469482421875,793.8783569335938,0.03132276609539986,1088.6234130859375,417.8883361816406,0.034161683171987534,991.0410766601562,841.4271850585938,0.03271716833114624,600.6568603515625,860.53564453125,0.0324053019285202,600.0735473632812,869.4923095703125,0.013011190108954906,1442.9622802734375,790.5399780273438,0.14541757106781006,967.5192260742188,629.3226928710938,0.012873366475105286,965.3060913085938,632.9907836914062,0.05069689825177193,581.7610473632812,866.90576171875,0.0829746201634407,578.5572509765625,869.6727905273438,0.011315274983644485
22,792.9329833984375,304.1888732910156,0.620205283164978,1118.3392333984375,276.29522705078125,0.27156779170036316,952.8927612304688,421.67437744140625,0.9095040559768677,1089.1253662109375,417.70660400390625,0.9757784008979797,1052.6544189453125,494.3956298828125,0.2001650482416153,1592.9005126953125,795.121337890625,0.06800132989883423,985.1990966796875,622.5799560546875,0.031097276136279106,982.6463012695312,631.936279296875,0.042523834854364395,575.251220703125,862.909423828125,0.09683641791343689,580.0038452148438,861.7308959960938,0.0961991474032402,983.7297973632812,619.4098510742188,0.0437018983066082,980.18115234375,618.7965698242188,0.3368266522884369,497.3489990234375,636.6972045898438,0.021623075008392334,986.3375854492188,626.8880004882812,0.07591694593429565,577.228515625,863.4808349609375,0.1921534687280655,578.6149291992188,864.3065795898438,0.0236354973167181
23,805.033935546875,303.3071594238281,0.5962706208229065,1130.2646484375,271.39422607421875,0.31632035970687866,957.5300903320312,422.98211669921875,0.9192140102386475,1096.6839599609375,416.8417053222656,0.9417514801025391,1056.4722900390625,489.202880859375,0.1842038929462433,1103.2412109375,410.83038330078125,0.057246848940849304,1011.18212890625,629.9092407226562,0.017587533220648766,1005.1415405273438,638.1851196289062,0.034062571823596954,574.59814453125,862.2041015625,0.0423412062227726,578.67919921875,860.68310546875,0.04337947070598602,557.1273803710938,365.08697509765625,0.022917820140719414,1009.0430297851562,630.7132568359375,0.29838070273399353,264.5794677734375,504.7381591796875,0.015340997837483883,1014.9407958984375,636.4527587890625,0.05249984934926033,573.478515625,863.6168212890625,0.12323163449764252,579.1259155273438,865.1412353515625,0.012485595420002937
24,821.029541015625,297.9864196777344,0.5457078814506531,1141.1536865234375,273.18939208984375,0.3068113923072815,970.4585571289062,419.33203125,0.8939645886421204,1106.429931640625,408.4107360839844,0.960553765296936,1072.0040283203125,486.4729309082031,0.3940598666667938,1578.07763671875,795.3402709960938,0.056735776364803314,1033.802001953125,794.2433471679688,0.04022587463259697,1031.15771484375,799.5703125,0.03916375711560249,1047.6485595703125,785.67138671875,0.11567571759223938,1048.4005126953125,789.3379516601562,0.12149908393621445,1037.106689453125,796.6920776367188,0.04445984587073326,1027.365966796875,619.7179565429688,0.18787023425102234,1039.640625,797.75146484375,0.020024657249450684,1030.9410400390625,626.2708740234375,0.041766006499528885,1045.10595703125,789.1759033203125,0.21267801523208618,1044.2001953125,788.2455444335938,0.02468683384358883
25,825.1600952148438,305.822998046875,0.6240119934082031,1142.7252197265625,276.7717590332031,0.25397151708602905,971.9848022460938,426.1932373046875,0.909365177154541,1110.4427490234375,425.369140625,0.9683488011360168,1072.2685546875,495.184326171875,0.32375654578208923,1117.2271728515625,411.1285705566406,0.06546981632709503,1094.17529296875,429.2617492675781,0.01831810548901558,836.9646606445312,734.0768432617188,0.046567484736442566,1036.5396728515625,811.1200561523438,0.09551950544118881,564.416748046875,862.3876953125,0.08146939426660538,251.1988067626953,494.68365478515625,0.011809663847088814,841.2638549804688,725.9779052734375,0.1360708475112915,843.3976440429688,731.78125,0.02112993597984314,837.9708862304688,728.7777709960938,0.03778057172894478,560.353759765625,864.1800537109375,0.15336938202381134,562.822021484375,864.6476440429688,0.020720547065138817
26,833.7584228515625,304.732421875,0.3529600501060486,1142.4974365234375,285.0155334472656,0.18204891681671143,978.1563110351562,431.436767578125,0.8695428967475891,1113.809326171875,433.705322265625,0.8533709049224854,1078.009521484375,502.1947937011719,0.4963036775588989,1576.6953125,795.0009765625,0.05242132395505905,551.2041015625,874.2391357421875,0.017169440165162086,546.3260498046875,880.3579711914062,0.03055635467171669,558.31787109375,862.0609130859375,0.08374324440956116,562.941162109375,862.2824096679688,0.09157571196556091,250.1214141845703,494.02313232421875,0.01710619032382965,248.45787048339844,499.4901123046875,0.10850375145673752,252.45468139648438,493.9394836425781,0.022212110459804535,249.81822204589844,505.7326965332031,0.021778708323836327,558.8682250976562,864.2689819335938,0.18445315957069397,561.4564208984375,865.1165771484375,0.0201506819576025
27,838.3548583984375,309.3689880371094,0.5551870465278625,1150.875,289.275390625,0.22523115575313568,984.701904296875,441.13037109375,0.8621879816055298,1122.9837646484375,438.3492126464844,0.9653658270835876,1083.158935546875,515.8419799804688,0.4119252860546112,1577.2183837890625,794.599609375,0.04779650643467903,1029.477783203125,879.712890625,0.025151044130325317,546.8056030273438,881.2999267578125,0.03781235218048096,556.4352416992188,862.2544555664062,0.10435923933982849,561.4688720703125,861.6030883789062,0.11984314769506454,553.835205078125,871.6953125,0.01912211813032627,569.5433959960938,703.3473510742188,0.2509942352771759,549.4319458007812,862.2298583984375,0.01293269544839859,969.1634521484375,611.7291259765625,0.03269463777542114,556.8623046875,864.2586059570312,0.21004393696784973,1032.4306640625,878.7269287109375,0.035114604979753494
28,834.6726684570312,322.2740173339844,0.41207557916641235,1152.8670654296875,301.55535888671875,0.15703371167182922,990.2661743164062,443.66009521484375,0.9076535105705261,1128.772705078125,450.03668212890625,0.8463785648345947,1088.1025390625,521.23095703125,0.3864237666130066,1576.9541015625,794.3558349609375,0.04925272613763809,551.7965087890625,864.1868286132812,0.03195086121559143,824.5113525390625,774.1544189453125,0.04370300471782684,1031.1351318359375,888.0908813476562,0.113033227622509,1034.3272705078125,888.6802368164062,0.12818290293216705,552.302001953125,369.00048828125,0.020412728190422058,570.93408203125,695.711669921875,0.3091886043548584,963.6161499023438,612.16259765625,0.027498984709382057,956.2608642578125,629.5780639648438,0.036027636379003525,556.63134765625,864.33251953125,0.2003328949213028,1032.17822265625,887.4808959960938,0.02774495631456375
29,855.8865356445312,320.0723571777344,0.5239837169647217,1165.36376953125,304.58514404296875,0.06611811369657516,1005.169189453125,441.4200439453125,0.9449508190155029,1144.1947021484375,433.3858642578125,0.9411588311195374,1107.16015625,513.624267578125,0.3388430178165436,1577.00439453125,794.36376953125,0.043977875262498856,983.4950561523438,924.7332153320312,0.025131303817033768,1152.47900390625,433.88824462890625,0.02449106238782406,988.0193481445312,922.7935791015625,0.07889579981565475,988.1585083007812,921.6128540039062,0.0851183608174324,559.3655395507812,363.59552001953125,0.04874280095100403,595.72900390625,683.6404418945312,0.2546885311603546,548.9923095703125,859.9310913085938,0.014824503101408482,984.9967041015625,930.7410888671875,0.015102346427738667,555.768798828125,863.9349365234375,0.14539100229740143,550.083984375,864.1746215820312,0.021702323108911514
30,850.7467651367188,329.1007385253906,0.24003586173057556,543.8573608398438,865.2890625,0.02318202517926693,1019.4781494140625,421.1620178222656,0.8716849684715271,1157.703369140625,413.9953918457031,0.9408617615699768,1118.8466796875,489.40155029296875,0.15574175119400024,1270.4078369140625,800.2832641601562,0.03916841372847557,553.6466064453125,864.725341796875,0.037939202040433884,547.54833984375,879.890380859375,0.022282684221863747,557.1052856445312,860.3515014648438,0.1173214316368103,562.7015991210938,859.7393798828125,0.12216003984212875,569.84521484375,360.0607604980469,0.025195665657520294,557.3504638671875,698.0507202148438,0.2488572597503662,250.40737915039062,502.6080322265625,0.013261060230433941,670.693603515625,668.6272583007812,0.025407468900084496,558.3919067382812,863.4254150390625,0.26054736971855164,632.5061645507812,772.3494262695312,0.025561833754181862
31,850.5577392578125,329.2065124511719,0.24569767713546753,543.98681640625,865.179931640625,0.02452385053038597,1019.4754028320312,421.1477355957031,0.874276340007782,1157.613037109375,414.0813903808594,0.938440203666687,1118.9923095703125,489.4414367675781,0.15130063891410828,1576.482666015625,794.6035766601562,0.03927908465266228,553.5928344726562,864.945556640625,0.030590660870075226,548.0517578125,879.6373901367188,0.024744337424635887,557.1542358398438,860.6061401367188,0.11014461517333984,563.1021728515625,859.4899291992188,0.11383675783872604,570.53955078125,359.82293701171875,0.02467992715537548,557.0661010742188,697.4577026367188,0.28646254539489746,250.378662109375,502.5971984863281,0.012942299246788025,670.62451171875,668.5994873046875,0.025482822209596634,558.2662353515625,863.2401733398438,0.2563979923725128,632.378662109375,772.46630859375,0.02706189453601837
32,867.08740234375,334.267333984375,0.42460015416145325,544.9984130859375,865.01708984375,0.03446699306368828,1039.6077880859375,405.0752868652344,0.6383019685745239,1176.675048828125,376.2694091796875,0.5356888771057129,1162.66357421875,451.5121765136719,0.334373414516449,1576.8118896484375,795.10302734375,0.04367712512612343,553.1422729492188,864.3726806640625,0.058095209300518036,549.042236328125,878.5538330078125,0.03355567902326584,556.65283203125,861.0689697265625,0.1604236364364624,561.9178466796875,860.1989135742188,0.16959118843078613,553.3513793945312,869.9356689453125,0.027240470051765442,559.549560546875,701.488037109375,0.2453359067440033,505.3141784667969,628.9444580078125,0.0200442336499691,566.9733276367188,704.2333374023438,0.01921863667666912,556.5353393554688,865.1854248046875,0.2992914021015167,560.9464721679688,862.5691528320312,0.032615065574645996
33,865.4873657226562,335.9715270996094,0.4108491539955139,863.067138671875,335.8699951171875,0.03242357075214386,1039.5933837890625,405.10150146484375,0.629504382610321,1176.75927734375,376.1878356933594,0.5332504510879517,1162.8165283203125,451.5067138671875,0.3320927321910858,1576.817626953125,795.125,0.047353144735097885,553.1563110351562,864.7117919921875,0.050348345190286636,549.0718383789062,879.1289672851562,0.028906455263495445,556.1152954101562,861.3567504882812,0.15817008912563324,562.1456298828125,859.9400024414062,0.16168107092380524,553.3496704101562,870.1417846679688,0.023519309237599373,559.4872436523438,701.2452392578125,0.25356340408325195,505.1119689941406,629.1566162109375,0.01933198794722557,566.9159545898438,704.4801635742188,0.019782014191150665,556.4143676757812,865.27001953125,0.29483336210250854,561.0158081054688,863.0982666015625,0.028697632253170013
34,876.178955078125,376.4386291503906,0.35527533292770386,1206.8109130859375,343.6788635253906,0.09976260364055634,1050.16845703125,453.1125183105469,0.8306670784950256,1185.8311767578125,438.8619079589844,0.8201045393943787,1160.310546875,511.61297607421875,0.2068810760974884,1576.37353515625,794.7864990234375,0.045018270611763,553.4176025390625,864.4010009765625,0.05505948141217232,548.8612670898438,879.703125,0.0355660617351532,556.2146606445312,861.8023681640625,0.1516934037208557,562.246826171875,860.3510131835938,0.1516161412000656,553.4984130859375,870.3228149414062,0.02850043773651123,562.69921875,704.4194946289062,0.2847566604614258,548.5977783203125,860.8580932617188,0.01451912708580494,566.9613647460938,709.5071411132812,0.03210489824414253,556.44970703125,865.6172485351562,0.3045402467250824,560.7266235351562,863.5044555664062,0.02615201659500599
35,876.2307739257812,376.08770751953125,0.3482728898525238,1206.938232421875,343.4137268066406,0.12045868486166,1050.260009765625,453.1191711425781,0.8313409090042114,1185.9752197265625,438.8729248046875,0.8286848068237305,1160.344482421875,511.6886291503906,0.1947595775127411,1576.0689697265625,794.6731567382812,0.04446234926581383,553.2145385742188,864.4013061523438,0.04785938933491707,548.64306640625,879.7667236328125,0.03575820475816727,556.1987915039062,861.7703247070312,0.1399960070848465,562.77685546875,860.2316284179688,0.14663228392601013,553.47900390625,870.763427734375,0.027237234637141228,563.0748291015625,703.894775390625,0.3256946802139282,548.4680786132812,860.7062377929688,0.013979693874716759,567.3651123046875,709.1734619140625,0.03154304251074791,556.8853759765625,865.4191284179688,0.28653430938720703,561.7516479492188,865.3516845703125,0.024188252165913582
36,886.0314331054688,429.20361328125,0.29569223523139954,1227.726318359375,402.8445739746094,0.2300933450460434,1053.9609375,500.96075439453125,0.6665241122245789,1186.8455810546875,489.0865783691406,0.7519262433052063,1159.40576171875,563.6445922851562,0.5571712851524353,1575.8916015625,794.4506225585938,0.04649531468749046,553.072021484375,864.3637084960938,0.04901741445064545,548.1199951171875,880.244140625,0.03749687224626541,556.020751953125,861.1773071289062,0.13270369172096252,562.8201293945312,859.6702270507812,0.13874296844005585,553.4212036132812,870.5718383789062,0.027404790744185448,557.8876342773438,701.5741577148438,0.18563240766525269,504.8974609375,629.0376586914062,0.02197340875864029,692.9794921875,686.329345703125,0.028469810262322426,556.1117553710938,865.6405029296875,0.30263686180114746,560.6629638671875,862.5955810546875,0.02338843233883381
37,886.3004760742188,429.4247741699219,0.28482136130332947,1228.031005859375,402.4891662597656,0.19662483036518097,1053.9224853515625,500.97430419921875,0.6686317920684814,1186.763671875,489.1592712402344,0.7567362785339355,1158.6817626953125,563.4808959960938,0.5664119124412537,1575.97021484375,794.492431640625,0.04754461348056793,373.26702880859375,841.4945068359375,0.04621182009577751,682.8676147460938,687.40771484375,0.034955598413944244,556.525634765625,861.2152709960938,0.13865473866462708,562.9427490234375,860.0963745117188,0.1414812207221985,553.244873046875,870.5442504882812,0.02589547447860241,557.9146118164062,701.3516845703125,0.18073557317256927,504.93914794921875,629.7157592773438,0.025160472840070724,687.579833984375,685.9600219726562,0.029601966962218285,556.154052734375,865.7246704101562,0.29443201422691345,561.0679931640625,862.9973754882812,0.023807724937796593
38,882.6514892578125,457.272705078125,0.09905749559402466,1236.98095703125,450.4794006347656,0.12955927848815918,1043.01953125,543.8902587890625,0.9603412747383118,1181.635009765625,542.4526977539062,0.5046496987342834,1146.40185546875,603.9796752929688,0.1951296478509903,1575.65380859375,794.294921875,0.04403248801827431,552.6958618164062,864.3598022460938,0.03133055940270424,685.211669921875,686.9437866210938,0.07239338755607605,556.9722290039062,861.6067504882812,0.10419544577598572,562.9613647460938,860.6284790039062,0.10846871882677078,552.7073364257812,871.3585205078125,0.019025417044758797,1416.6328125,789.394287109375,0.12943105399608612,690.9696655273438,681.6213989257812,0.01749483123421669,693.1090698242188,685.8434448242188,0.06216547265648842,555.8131713867188,866.3766479492188,0.21520386636257172,560.9304809570312,864.2467041015625,0.018578605726361275
39,881.501953125,456.656005859375,0.10581978410482407,1236.7496337890625,450.40533447265625,0.12011712044477463,1042.594970703125,544.061279296875,0.955620527267456,1181.5911865234375,542.4242553710938,0.5034169554710388,1146.44384765625,603.9205322265625,0.1951105147600174,1575.85595703125,794.2822875976562,0.04803295433521271,552.6989135742188,864.3375244140625,0.028049295768141747,684.9378051757812,687.3304443359375,0.07007668912410736,556.3041381835938,862.2962036132812,0.11332976818084717,563.4559936523438,861.0228271484375,0.12398038059473038,552.516357421875,871.555908203125,0.0226956307888031,1416.481689453125,789.1951904296875,0.1325441300868988,691.09765625,682.0398559570312,0.017272286117076874,693.0186767578125,686.4282836914062,0.05846457928419113,555.952392578125,866.6548461914062,0.23953008651733398,561.032470703125,865.7164916992188,0.01916007325053215
40,876.778076171875,433.5151062011719,0.15517562627792358,1253.6654052734375,423.70703125,0.4949682950973511,1034.35693359375,502.55596923828125,0.07065187394618988,1185.6900634765625,503.6343994140625,0.2581859230995178,1141.720703125,566.4037475585938,0.6326418519020081,1575.7088623046875,794.4295654296875,0.04758211597800255,551.47509765625,865.5006103515625,0.020884955301880836,407.50286865234375,714.6094970703125,0.07103089988231659,555.3006591796875,861.8509521484375,0.07715008407831192,561.3544311523438,861.1286010742188,0.09676237404346466,537.0613403320312,864.4981079101562,0.021358823403716087,994.127685546875,498.45379638671875,0.34156766533851624,490.5660705566406,625.1845092773438,0.026980789378285408,691.8327026367188,684.998046875,0.04112726077437401,554.6787109375,866.5405883789062,0.20916202664375305,549.3720703125,864.4605102539062,0.016563886776566505
41,876.7060546875,433.62548828125,0.15555213391780853,1253.924560546875,423.76336669921875,0.5488718748092651,1034.3958740234375,502.4027404785156,0.07015577703714371,1185.5504150390625,503.1637268066406,0.27573275566101074,1141.6729736328125,566.5191650390625,0.6349532604217529,1575.5262451171875,794.4945678710938,0.04869488999247551,913.1868896484375,669.2891235351562,0.02467651292681694,407.41290283203125,714.1298217773438,0.058440420776605606,555.5687866210938,861.4863891601562,0.08193211257457733,561.5914916992188,860.7357177734375,0.103123240172863,537.0093994140625,864.5780639648438,0.021777356043457985,994.1416015625,498.3825988769531,0.34124964475631714,490.5303955078125,625.33447265625,0.033791061490774155,692.0811767578125,684.8618774414062,0.039052870124578476,554.83154296875,866.3531494140625,0.2255014330148697,549.5961303710938,864.1390380859375,0.01762481965124607
42,875.807861328125,413.5199890136719,0.20105654001235962,1268.8759765625,411.87225341796875,0.14379267394542694,1045.360595703125,468.4172668457031,0.9733321666717529,1184.7523193359375,464.3443298339844,0.9094122648239136,1147.25244140625,530.2017211914062,0.3223435878753662,1575.661865234375,794.396484375,0.04679026082158089,919.6763916015625,669.3899536132812,0.07451468706130981,685.1300659179688,686.06494140625,0.06466281414031982,555.6575927734375,861.107666015625,0.07825019210577011,561.9191284179688,860.4554443359375,0.09902450442314148,685.8649291992188,677.1093139648438,0.020430797711014748,1416.9908447265625,789.3946533203125,0.13316558301448822,490.9729309082031,623.9092407226562,0.030513091012835503,693.2825927734375,685.9026489257812,0.061897121369838715,555.1678466796875,865.9928588867188,0.2070794701576233,550.566650390625,864.8619995117188,0.018630757927894592
43,875.8190307617188,412.8968505859375,0.20718929171562195,1268.8465576171875,411.8570861816406,0.1394401490688324,1045.3907470703125,468.4799499511719,0.9725834131240845,1184.7076416015625,464.4627685546875,0.9102255702018738,1147.1317138671875,529.9033203125,0.3146820664405823,1575.5833740234375,794.3995971679688,0.04718081280589104,919.3578491210938,669.2234497070312,0.06403470039367676,401.2753601074219,711.2695922851562,0.06166151538491249,555.9793090820312,861.0380859375,0.07842684537172318,562.1040649414062,860.4605712890625,0.09696529060602188,686.2022094726562,677.5569458007812,0.019821718335151672,1417.02490234375,789.4207763671875,0.13161326944828033,491.2524108886719,623.179443359375,0.03321674093604088,693.3272705078125,686.133056640625,0.060177791863679886,555.566162109375,865.9869995117188,0.19885581731796265,550.7333984375,864.8242797851562,0.017824456095695496
44,1173.393310546875,378.2598876953125,0.1563032567501068,1260.6964111328125,393.1275329589844,0.09783496707677841,1050.17724609375,454.8252868652344,0.9589217305183411,1184.1558837890625,453.49560546875,0.9097617268562317,1146.6844482421875,518.5458374023438,0.3650149703025818,1575.8365478515625,794.768310546875,0.04147425666451454,921.3684692382812,671.0408325195312,0.06655009090900421,386.0173034667969,699.302001953125,0.05775511637330055,556.4840087890625,860.7244262695312,0.0817779004573822,562.0794677734375,860.8474731445312,0.10283809900283813,1151.4332275390625,529.8153076171875,0.02196887880563736,1417.475830078125,789.3894653320312,0.1258126199245453,250.64430236816406,502.5461730957031,0.018831858411431313,692.7203369140625,685.8041381835938,0.042450495064258575,555.6896362304688,866.453857421875,0.20988839864730835,551.2103271484375,864.4855346679688,0.016639063134789467
45,1173.3333740234375,378.4832458496094,0.1500154435634613,1260.7645263671875,392.98370361328125,0.09820383042097092,1050.1480712890625,454.828857421875,0.9594013094902039,1184.1239013671875,453.54766845703125,0.9120548367500305,1146.6895751953125,518.436279296875,0.3667200207710266,1575.916015625,794.6824951171875,0.040226150304079056,921.3561401367188,670.5044555664062,0.07276273518800735,685.9989624023438,686.75048828125,0.05060387775301933,556.4043579101562,861.6409301757812,0.08433828502893448,562.8021850585938,861.0379638671875,0.09918989986181259,1151.4232177734375,529.7816772460938,0.022668838500976562,1417.29931640625,789.197021484375,0.1353636384010315,250.60626220703125,502.5903015136719,0.01850859262049198,693.0437622070312,685.4688110351562,0.05237811431288719,556.0127563476562,866.1087646484375,0.21655701100826263,560.0616455078125,865.3583374023438,0.014555277302861214
46,1178.195068359375,365.2385559082031,0.08990093320608139,1259.20751953125,376.4917907714844,0.310038685798645,1053.709716796875,439.77142333984375,0.8345524072647095,1187.238525390625,437.8983154296875,0.9280247688293457,1148.7879638671875,511.2129211425781,0.4240131378173828,374.89642333984375,696.7010498046875,0.06404030323028564,926.4086303710938,670.5765380859375,0.12587270140647888,385.1805725097656,705.0527954101562,0.15036605298519135,556.9300537109375,862.3195190429688,0.1126721128821373,563.0126953125,861.3412475585938,0.13228438794612885,553.34912109375,872.1142578125,0.01757214032113552,1417.2867431640625,789.1050415039062,0.13609884679317474,250.6590576171875,502.6037292480469,0.01786733791232109,693.0833129882812,685.47998046875,0.06442102789878845,556.2189331054688,866.7896728515625,0.30562517046928406,560.3375854492188,865.5667114257812,0.021020973101258278
47,1178.1663818359375,365.1485595703125,0.12007787823677063,1259.2589111328125,376.4220886230469,0.3349250555038452,1053.7374267578125,439.7397155761719,0.8348759412765503,1187.04052734375,438.1949462890625,0.9263975620269775,1148.874755859375,511.218994140625,0.42712149024009705,374.78125,696.70556640625,0.0658942386507988,926.1298217773438,670.9808349609375,0.1221698522567749,385.0778503417969,704.7217407226562,0.1521761119365692,557.0173950195312,862.0576171875,0.10369763523340225,563.0569458007812,861.0106811523438,0.12260960787534714,553.2271728515625,872.1317749023438,0.016810201108455658,1417.3294677734375,789.0115356445312,0.1422974169254303,491.45758056640625,622.4803466796875,0.017876645550131798,693.2390747070312,685.9275512695312,0.05893068015575409,556.2501220703125,866.4371337890625,0.2856643497943878,560.3924560546875,865.322021484375,0.018750576302409172
48,869.3604736328125,361.7038269042969,0.1657802164554596,1251.516845703125,364.4387512207031,0.1929122358560562,1047.7440185546875,429.9882507324219,0.8567588925361633,1183.15478515625,427.947509765625,0.9113627076148987,1147.1787109375,501.7947082519531,0.40584152936935425,1575.9761962890625,794.7229614257812,0.03853769972920418,926.8652954101562,667.2247314453125,0.08734236657619476,684.7731323242188,686.1436767578125,0.044555071741342545,548.7996826171875,863.07763671875,0.07877835631370544,560.8789672851562,861.0592651367188,0.07976233214139938,1152.767333984375,513.748779296875,0.02064448967576027,1417.4267578125,788.9985961914062,0.14420637488365173,491.7439270019531,620.9712524414062,0.042805712670087814,692.8683471679688,685.4635009765625,0.047134146094322205,555.8995971679688,868.1837768554688,0.14711704850196838,551.0856323242188,865.1328735351562,0.020725851878523827
49,869.3843383789062,361.6539001464844,0.18739718198776245,1251.5010986328125,364.4737243652344,0.19374613463878632,1047.697265625,430.0800476074219,0.8584824204444885,1183.143798828125,427.9747314453125,0.9114096164703369,1147.1983642578125,501.710693359375,0.455152690410614,1575.9107666015625,794.720458984375,0.03991559147834778,926.9541625976562,666.8223266601562,0.08935987204313278,684.9825439453125,685.6284790039062,0.04783574491739273,548.798095703125,863.0099487304688,0.07745268940925598,560.7333984375,861.0036010742188,0.07812708616256714,1152.87451171875,513.6649780273438,0.02372046560049057,1417.09619140625,789.00390625,0.15675008296966553,491.6426696777344,621.3253173828125,0.04011128470301628,692.9454345703125,684.6220703125,0.05553426593542099,555.9176635742188,867.9739990234375,0.14271023869514465,551.0083618164062,864.9869995117188,0.020602546632289886
50,872.388916015625,349.6253967285156,0.3130865693092346,1243.408935546875,351.0155029296875,0.28531888127326965,1052.8271484375,418.8059997558594,0.774489164352417,1187.375,422.09521484375,0.9285403490066528,1151.322998046875,498.297607421875,0.20282518863677979,1575.775390625,794.7408447265625,0.040418002754449844,553.0247192382812,864.3035888671875,0.03583551198244095,685.3455810546875,685.3800048828125,0.05042985454201698,556.1157836914062,861.9533081054688,0.09473352879285812,562.7643432617188,861.28125,0.11489488929510117,685.9591674804688,677.3722534179688,0.0188031867146492,1417.11279296875,788.8763427734375,0.15452860295772552,492.38275146484375,621.9137573242188,0.03761383891105652,693.0879516601562,685.3410034179688,0.053510602563619614,556.4586791992188,866.987060546875,0.25039228796958923,560.904052734375,866.1629028320312,0.019039247184991837
51,872.2855224609375,349.6205139160156,0.3280254006385803,1243.236572265625,350.9767150878906,0.3056202530860901,1052.8369140625,418.805419921875,0.7776013016700745,1187.4063720703125,422.24090576171875,0.9297385811805725,1149.22607421875,496.7509460449219,0.26372987031936646,1575.798095703125,794.7639770507812,0.040318962186574936,553.4037475585938,864.5880737304688,0.029035519808530807,685.15283203125,685.1773681640625,0.05634969100356102,557.123779296875,861.996337890625,0.08427710086107254,563.3209228515625,861.9218139648438,0.10316130518913269,686.2200317382812,677.4365234375,0.023525621742010117,1417.08837890625,788.7395629882812,0.1448250710964203,492.0570068359375,622.05810546875,0.04005066677927971,692.9138793945312,685.3704833984375,0.06159817427396774,557.0791625976562,867.0158081054688,0.23134645819664001,561.0740966796875,866.0536499023438,0.01756095699965954
52,877.5088500976562,343.3778076171875,0.30541157722473145,1243.8399658203125,344.52239990234375,0.1871250420808792,1049.1748046875,417.31402587890625,0.77434241771698,1184.1663818359375,421.4901428222656,0.8828579187393188,1148.162109375,494.0209045410156,0.3622610867023468,1567.8487548828125,798.3544311523438,0.06443357467651367,925.3717651367188,652.8994140625,0.03707725554704666,683.3643798828125,688.9016723632812,0.05440564453601837,966.8143310546875,838.0841064453125,0.08294014632701874,562.2493286132812,862.2593994140625,0.09471443295478821,686.6834106445312,680.8007202148438,0.021392518654465675,1417.5184326171875,788.391845703125,0.15652155876159668,491.27288818359375,622.1585693359375,0.03865339234471321,692.8866577148438,685.0513305664062,0.044980473816394806,556.4890747070312,866.4623413085938,0.21613866090774536,557.8327026367188,868.4302978515625,0.014141453430056572
53,877.5198364257812,343.43499755859375,0.3192414939403534,1243.7060546875,344.5130615234375,0.19460336863994598,1049.231689453125,417.3714904785156,0.7600792646408081,1184.1695556640625,421.46258544921875,0.8812028765678406,1148.2379150390625,494.2818603515625,0.45322659611701965,1567.4461669921875,798.720947265625,0.05653625354170799,925.5336303710938,652.988037109375,0.03534363955259323,683.7191162109375,688.6715698242188,0.06102034077048302,966.7080688476562,837.8473510742188,0.07527822256088257,562.3377685546875,862.1697998046875,0.08928075432777405,686.6090698242188,680.6851196289062,0.02478683926165104,1417.464111328125,788.2060546875,0.16468383371829987,491.4314880371094,621.9140014648438,0.03872309625148773,692.84521484375,684.76318359375,0.05605216324329376,556.6502685546875,866.7669067382812,0.2081022411584854,557.7776489257812,868.3955078125,0.014109420590102673
54,882.1399536132812,335.31988525390625,0.37530165910720825,1244.9425048828125,342.0615234375,0.1520078033208847,1049.3546142578125,415.42401123046875,0.7428967952728271,1183.7275390625,417.0976257324219,0.8957459330558777,1147.194580078125,491.96759033203125,0.28302204608917236,1567.4107666015625,798.7266845703125,0.05505053699016571,923.62841796875,654.26953125,0.03191177919507027,684.241943359375,688.9126586914062,0.06097553297877312,965.9924926757812,838.8275756835938,0.06730268895626068,562.5576171875,862.0972900390625,0.07356904447078705,684.8659057617188,676.0293579101562,0.028109895065426826,1417.4176025390625,788.1749267578125,0.16635222733020782,491.3958740234375,620.890380859375,0.03224269673228264,692.8487548828125,683.3369140625,0.06376265734434128,556.554443359375,867.3251342773438,0.18625354766845703,971.269287109375,839.6278076171875,0.012724732980132103
55,881.8212280273438,335.47454833984375,0.39092549681663513,1244.812744140625,342.2561340332031,0.12762778997421265,1049.334716796875,415.3011779785156,0.7316939830780029,1183.84716796875,417.26629638671875,0.9019458889961243,1146.5360107421875,492.42449951171875,0.3769500255584717,1567.4237060546875,798.7215576171875,0.055530618876218796,924.1514892578125,653.7317504882812,0.025611747056245804,684.1165771484375,688.632568359375,0.05109988525509834,556.8418579101562,861.9577026367188,0.07562781125307083,562.7489624023438,861.9481811523438,0.09188999980688095,684.9947509765625,676.3169555664062,0.020078785717487335,1417.4439697265625,788.1365356445312,0.16737455129623413,491.25225830078125,620.8720092773438,0.030842099338769913,692.9696655273438,682.8278198242188,0.0575878731906414,556.593994140625,866.992919921875,0.20491749048233032,970.5439453125,839.9024047851562,0.01491999439895153
56,884.8987426757812,335.0518798828125,0.07807953655719757,1245.3360595703125,337.31256103515625,0.2081923931837082,1048.9288330078125,416.4352111816406,0.8509979248046875,1183.8150634765625,418.962890625,0.9061384797096252,1147.0123291015625,492.93719482421875,0.31253868341445923,1567.399169921875,798.8989868164062,0.046239666640758514,922.170654296875,651.6630249023438,0.028131257742643356,686.0787963867188,685.4423217773438,0.07072314620018005,556.7930908203125,861.861328125,0.08970171213150024,563.5033569335938,861.5393676757812,0.10585582256317139,685.9208374023438,676.0291137695312,0.03003055974841118,1417.7054443359375,788.0457153320312,0.14735543727874756,491.3647155761719,620.4381103515625,0.028653165325522423,692.4053955078125,684.5695190429688,0.07428735494613647,557.0516357421875,866.4189453125,0.21021859347820282,561.33056640625,865.263671875,0.013755368068814278
57,884.9366455078125,335.0364685058594,0.07726489007472992,1245.720703125,337.22332763671875,0.23558609187602997,1048.9429931640625,416.1544494628906,0.8595616221427917,1183.788818359375,419.03765869140625,0.9076062440872192,1146.80029296875,494.1855163574219,0.331605464220047,1567.4207763671875,798.9248657226562,0.046412285417318344,553.7987060546875,865.1200561523438,0.030786583200097084,685.8590087890625,685.2753295898438,0.058844227343797684,556.0342407226562,862.2557983398438,0.10242228209972382,563.07763671875,861.5223388671875,0.12493262439966202,686.0342407226562,676.2740478515625,0.026137828826904297,1417.7108154296875,788.0765380859375,0.1432480812072754,491.7259826660156,621.555419921875,0.03329162299633026,692.5238647460938,684.4723510742188,0.06517401337623596,556.4100952148438,865.7302856445312,0.25677627325057983,560.4088745117188,864.6219482421875,0.01643109880387783
58,891.5489501953125,330.7855529785156,0.11590927094221115,1247.1212158203125,335.25701904296875,0.34550896286964417,1053.39501953125,415.8389892578125,0.7615072727203369,1185.869140625,421.27813720703125,0.9434037208557129,1147.6748046875,492.86688232421875,0.44199177622795105,1270.7132568359375,800.1658325195312,0.04897419735789299,553.8873901367188,864.9842529296875,0.034934114664793015,684.1664428710938,688.4220581054688,0.05993086099624634,556.111328125,862.51318359375,0.11893463134765625,563.0869140625,861.6272583007812,0.14372362196445465,686.2469482421875,680.5497436523438,0.020717602223157883,546.7217407226562,698.00244140625,0.16065062582492828,491.8148498535156,621.6438598632812,0.036404430866241455,692.7466430664062,683.4912719726562,0.07385983318090439,556.5004272460938,866.0841064453125,0.28116872906684875,560.4640502929688,865.0411376953125,0.01945888064801693
59,891.0393676757812,331.4933166503906,0.14000511169433594,1247.150390625,335.2215576171875,0.353567898273468,1053.4498291015625,415.8046569824219,0.7537035346031189,1185.9169921875,421.1929626464844,0.945295512676239,1148.10009765625,491.9798278808594,0.44146665930747986,1270.75439453125,800.1903686523438,0.048520270735025406,553.867919921875,865.157470703125,0.03600364178419113,684.1812744140625,688.3767700195312,0.05945657193660736,556.0413818359375,862.4334716796875,0.11410727351903915,563.0137329101562,861.6265869140625,0.13931331038475037,686.375,680.6013793945312,0.019677475094795227,547.1259155273438,698.2587890625,0.1661856472492218,491.946533203125,621.6663208007812,0.03702395409345627,692.8258666992188,683.4305419921875,0.07166309654712677,556.3441162109375,865.9953002929688,0.26820120215415955,560.4357299804688,864.9263916015625,0.018723130226135254
60,891.9443359375,332.0328063964844,0.3009761869907379,1247.383544921875,334.4475402832031,0.3045574128627777,1051.12158203125,414.80682373046875,0.8054105043411255,1184.71142578125,420.5709533691406,0.9322669506072998,1147.6314697265625,492.2242431640625,0.3456414043903351,1567.325927734375,798.840087890625,0.04941587522625923,554.0507202148438,865.0581665039062,0.03783182427287102,686.6631469726562,686.240478515625,0.06006423756480217,556.3311767578125,862.295166015625,0.12402351200580597,563.1820068359375,861.6351928710938,0.1507892608642578,1150.769775390625,497.8202209472656,0.018104294314980507,1418.062255859375,788.2775268554688,0.13086576759815216,491.8755798339844,621.9979858398438,0.027516357600688934,693.0639038085938,684.2340698242188,0.07890760153532028,556.5303955078125,865.970947265625,0.27566635608673096,560.740966796875,864.9806518554688,0.01999189890921116
61,891.8389282226562,331.9167785644531,0.3023737668991089,1247.3404541015625,334.3385314941406,0.29431915283203125,1051.0965576171875,414.8857421875,0.8097153902053833,1184.7022705078125,420.55572509765625,0.9309123754501343,1147.497802734375,492.2163391113281,0.33863258361816406,1567.3203125,798.8317260742188,0.0492430254817009,554.0292358398438,864.9568481445312,0.03871962055563927,686.781005859375,686.05615234375,0.0659329816699028,556.2033081054688,862.116943359375,0.11979151517152786,563.3225708007812,861.2108154296875,0.1435277909040451,553.0732421875,872.3896484375,0.01831441931426525,693.431884765625,678.9319458007812,0.13435950875282288,491.96697998046875,621.96630859375,0.02964163012802601,693.0945434570312,684.053955078125,0.08561590313911438,556.5968017578125,865.5565185546875,0.26947087049484253,560.78662109375,864.716064453125,0.019200555980205536
62,893.9977416992188,329.68060302734375,0.1310478001832962,1249.16845703125,332.721923828125,0.121561698615551,1050.56103515625,416.39935302734375,0.8300615549087524,1185.439697265625,419.5084228515625,0.8957158923149109,1146.033935546875,488.1141357421875,0.38917768001556396,1270.698974609375,800.33837890625,0.04984990879893303,553.9342041015625,864.9911499023438,0.03591049835085869,686.6383666992188,685.329345703125,0.06273999065160751,556.8638916015625,862.1521606445312,0.12431389093399048,563.8709716796875,861.2671508789062,0.14498072862625122,553.1205444335938,872.3644409179688,0.021145163103938103,693.7138061523438,677.8988037109375,0.13201388716697693,491.6383361816406,622.5067138671875,0.028278928250074387,692.8260498046875,683.8278198242188,0.08150573819875717,556.8298950195312,865.6737060546875,0.27088770270347595,560.9273071289062,864.6604614257812,0.019409121945500374
63,893.9942626953125,329.79376220703125,0.1386716067790985,1249.154052734375,332.667236328125,0.12210995703935623,1052.5904541015625,417.2522277832031,0.8308277726173401,1185.451416015625,419.4556884765625,0.8957245945930481,1144.520263671875,488.0286560058594,0.3799057602882385,1270.69091796875,800.3291625976562,0.04996116831898689,554.20849609375,865.2005615234375,0.04145389795303345,686.2958374023438,685.110595703125,0.06608123332262039,556.9701538085938,862.18017578125,0.11465227603912354,563.5640258789062,861.4115600585938,0.13730952143669128,686.5291137695312,676.3800659179688,0.01982853002846241,693.48291015625,677.6068725585938,0.14816881716251373,491.7796325683594,623.1478271484375,0.026839200407266617,693.1256103515625,683.5713500976562,0.08548460155725479,556.582275390625,865.9013671875,0.25273871421813965,561.2932739257812,864.7034301757812,0.01863817498087883
64,892.8388061523438,327.267333984375,0.49818167090415955,1252.826171875,336.09722900390625,0.40894246101379395,1045.6143798828125,421.3988342285156,0.9237124919891357,1184.5029296875,423.8299865722656,0.5800384879112244,1143.07568359375,494.9372863769531,0.34775081276893616,1270.6854248046875,800.32763671875,0.049973245710134506,920.1477661132812,645.4441528320312,0.03933826833963394,686.0614013671875,685.0372924804688,0.060903653502464294,556.8761596679688,862.2692260742188,0.07720903307199478,562.9788208007812,861.7205810546875,0.09362681955099106,686.0296020507812,676.1437377929688,0.028982622548937798,1836.52294921875,800.3035888671875,0.13302230834960938,691.0232543945312,681.7149047851562,0.029728779569268227,692.2947998046875,684.4852905273438,0.08012193441390991,556.6422119140625,865.7233276367188,0.2078208029270172,964.6553955078125,838.0206298828125,0.01705797016620636
65,892.8700561523438,327.3694152832031,0.4947138726711273,1252.468017578125,336.2776184082031,0.4001329243183136,1045.55126953125,421.4577941894531,0.9246834516525269,1184.55517578125,423.779052734375,0.5654276013374329,1142.7735595703125,495.2130432128906,0.3393528461456299,1270.684814453125,800.3283081054688,0.049953293055295944,920.1165771484375,645.6878662109375,0.0341738723218441,685.8145751953125,685.4024047851562,0.05713609606027603,556.6861572265625,862.466552734375,0.08291120082139969,562.871337890625,861.8927612304688,0.09899993240833282,685.8922729492188,676.1138305664062,0.027110422030091286,1836.5115966796875,800.3577270507812,0.13365130126476288,691.1034545898438,681.9388427734375,0.02757163532078266,692.4063110351562,684.7183837890625,0.07190960645675659,556.7196044921875,865.8753051757812,0.21761971712112427,964.9649047851562,840.8502807617188,0.018650898709893227
66,894.37890625,325.08770751953125,0.5784997940063477,1256.593994140625,341.7556457519531,0.6224374175071716,1041.8486328125,427.08404541015625,0.8793378472328186,1189.091064453125,438.8714294433594,0.4379838705062866,1140.478759765625,496.1304626464844,0.32104283571243286,1270.6881103515625,800.3687744140625,0.050563156604766846,923.426025390625,649.6749877929688,0.02773967757821083,685.6603393554688,684.5352172851562,0.049013879150152206,556.9014892578125,862.6146240234375,0.08622293174266815,562.7388916015625,862.0443725585938,0.10062868148088455,685.9306640625,680.1891479492188,0.016904300078749657,1836.526123046875,800.3963623046875,0.1342412382364273,690.8279418945312,682.0068359375,0.0203260388225317,692.89990234375,683.5398559570312,0.07247895747423172,556.9254760742188,865.9486083984375,0.20034897327423096,970.7198486328125,842.3030395507812,0.015615755692124367
67,894.0547485351562,324.39971923828125,0.514800488948822,1256.8121337890625,341.95562744140625,0.6175494194030762,1041.7791748046875,427.1527404785156,0.8789263963699341,1189.0477294921875,438.8739929199219,0.4328593313694,1140.3515625,496.16571044921875,0.3117796778678894,1270.6722412109375,800.345458984375,0.04975312948226929,923.3388671875,649.7611083984375,0.031263601034879684,683.969970703125,688.2237548828125,0.05462716147303581,556.7779541015625,862.4379272460938,0.0884680300951004,562.7252807617188,861.660888671875,0.1058061420917511,685.9846801757812,680.54736328125,0.019108200445771217,1836.51806640625,800.3837280273438,0.13528676331043243,490.6408386230469,623.5389404296875,0.02237602323293686,693.0132446289062,683.1677856445312,0.07089259475469589,556.8865356445312,865.7352905273438,0.19601191580295563,970.5335083007812,842.193603515625,0.01401514746248722
68,898.3495483398438,319.46807861328125,0.590616762638092,1259.5157470703125,355.3254699707031,0.39192450046539307,1027.157470703125,433.5159606933594,0.23273174464702606,1196.30126953125,449.2581787109375,0.18315163254737854,1132.3729248046875,490.5812683105469,0.04447687417268753,1270.6732177734375,800.3403930664062,0.05013178288936615,922.18603515625,651.9345703125,0.044524818658828735,685.3072509765625,684.67822265625,0.08127795159816742,967.8741455078125,840.1234130859375,0.07038241624832153,562.58642578125,861.3631591796875,0.08324823528528214,685.4711303710938,675.6973266601562,0.03814150020480156,1172.763916015625,389.4317321777344,0.3430900573730469,691.0062255859375,682.3814086914062,0.03305426239967346,692.4318237304688,684.4225463867188,0.08635680377483368,556.6490478515625,865.0648193359375,0.16650155186653137,970.9990234375,841.7517700195312,0.016500521451234818
69,898.3182983398438,319.27850341796875,0.5862390995025635,1259.5152587890625,355.3155212402344,0.3922983407974243,1027.0986328125,433.4474792480469,0.23553940653800964,1196.3194580078125,449.29534912109375,0.19153694808483124,1132.347412109375,490.5800476074219,0.0441989004611969,1270.6865234375,800.3363647460938,0.050224367529153824,923.0037841796875,651.6638793945312,0.04565455764532089,685.1693115234375,685.0912475585938,0.0691494271159172,967.8687744140625,839.9099731445312,0.0820402204990387,970.47607421875,841.3228149414062,0.0786733627319336,684.783447265625,675.5369873046875,0.034613579511642456,1172.2203369140625,389.7815246582031,0.35382482409477234,691.0613403320312,682.5476684570312,0.02803550288081169,692.61328125,684.18310546875,0.07368995249271393,556.5453491210938,865.2926025390625,0.1471017450094223,970.718994140625,841.4429321289062,0.018460415303707123
70,905.5665283203125,313.0814514160156,0.6432680487632751,1259.455810546875,376.368408203125,0.30141642689704895,1030.5072021484375,453.45306396484375,0.5969766974449158,1193.6920166015625,475.20770263671875,0.36890652775764465,1125.490234375,517.5630493164062,0.028845710679888725,317.94305419921875,784.8297729492188,0.10071387887001038,921.4932861328125,647.8548583984375,0.032363321632146835,685.789794921875,685.32861328125,0.06191375106573105,966.7084350585938,839.958251953125,0.07441656291484833,562.8434448242188,861.6678466796875,0.07541793584823608,685.716796875,676.4234619140625,0.024280231446027756,991.5857543945312,423.0725402832031,0.14817975461483002,691.6928100585938,682.1494140625,0.024299398064613342,692.6261596679688,684.7695922851562,0.0690213069319725,556.4703369140625,866.0325927734375,0.18942268192768097,971.326416015625,841.392822265625,0.017341511324048042
71,905.48388671875,313.0970458984375,0.6496338844299316,1259.4417724609375,376.5030822753906,0.30080100893974304,1030.4517822265625,453.4720764160156,0.6015464067459106,1193.796875,475.1819152832031,0.39583835005760193,1125.39990234375,517.5380249023438,0.027885911986231804,318.4890441894531,785.0796508789062,0.09943989664316177,921.236083984375,647.6871337890625,0.03506062924861908,685.6787109375,684.368408203125,0.06565805524587631,966.6686401367188,840.2039794921875,0.07852214574813843,970.9097290039062,839.986083984375,0.07232651114463806,685.5997924804688,675.71044921875,0.025963690131902695,991.4673461914062,422.96990966796875,0.14743325114250183,691.7879638671875,682.0521240234375,0.02357262186706066,692.6788940429688,683.9036254882812,0.08156412839889526,556.69677734375,865.4046630859375,0.14241231977939606,971.2108764648438,841.3062744140625,0.017963115125894547
72,914.53515625,311.889892578125,0.09725058823823929,1259.95654296875,393.3270568847656,0.2778077721595764,1023.1787719726562,470.25457763671875,0.8018435835838318,1178.8658447265625,506.7491760253906,0.26810380816459656,1101.902099609375,534.76123046875,0.19987128674983978,1270.6256103515625,800.3553466796875,0.04911646246910095,552.5903930664062,864.047119140625,0.019460536539554596,684.9176635742188,683.34765625,0.05237505957484245,556.6256103515625,861.778076171875,0.05708332732319832,969.3465576171875,843.0440673828125,0.06618848443031311,685.1402587890625,675.4125366210938,0.020104827359318733,1836.5008544921875,800.3994750976562,0.13520953059196472,690.992431640625,681.4258422851562,0.01961464434862137,692.1676025390625,683.3276977539062,0.07454279810190201,556.7216796875,865.779296875,0.14755001664161682,970.3182373046875,843.6848754882812,0.018593592569231987
73,917.0032958984375,308.92498779296875,0.1111428365111351,1260.0443115234375,393.30169677734375,0.27531948685646057,1023.2062377929688,470.2279357910156,0.7916382551193237,1178.7445068359375,506.7410583496094,0.25845038890838623,1101.8524169921875,534.8388671875,0.20732687413692474,1270.631103515625,800.3463134765625,0.04942459613084793,552.458984375,864.2870483398438,0.021035868674516678,684.8357543945312,683.5361328125,0.05215912312269211,556.5196533203125,862.0050659179688,0.06424669921398163,562.2999877929688,861.3372192382812,0.07186705619096756,685.345947265625,675.8170166015625,0.019278546795248985,1836.547119140625,800.395263671875,0.13302865624427795,691.0155639648438,681.4401245117188,0.018831655383110046,692.2654418945312,683.6642456054688,0.07255639880895615,556.3951416015625,866.2167358398438,0.1554499864578247,970.3745727539062,843.4908447265625,0.01658938080072403
74,1003.9940185546875,643.6070556640625,0.19955584406852722,1262.9425048828125,398.24365234375,0.3884868025779724,1023.1820678710938,461.2725524902344,0.6779340505599976,1171.2821044921875,499.3652038574219,0.330710768699646,1093.8984375,544.1453247070312,0.1348848193883896,1270.6324462890625,800.3358154296875,0.051012031733989716,552.5494384765625,864.4722900390625,0.022748658433556557,684.7417602539062,683.6455688476562,0.04488158971071243,966.8143310546875,842.74169921875,0.07304999232292175,968.8214111328125,843.8533325195312,0.0913657695055008,1000.2482299804688,640.0784301757812,0.027842607349157333,999.3609008789062,642.000244140625,0.3290180265903473,1009.92333984375,647.4228515625,0.03057505004107952,1001.4464111328125,647.303466796875,0.1297152042388916,555.9944458007812,866.1168823242188,0.13221819698810577,969.7799682617188,844.186767578125,0.024421624839305878
75,919.4368896484375,308.36260986328125,0.22108447551727295,1262.6585693359375,398.2073974609375,0.3796793520450592,1023.2543334960938,461.23736572265625,0.6778837442398071,1171.160400390625,499.3255615234375,0.33223453164100647,1093.7962646484375,543.5881958007812,0.13409018516540527,1270.6285400390625,800.3387451171875,0.050835952162742615,552.679443359375,864.6268310546875,0.02400190941989422,684.4854736328125,683.2474365234375,0.04057614505290985,966.7929077148438,842.8872680664062,0.07525736838579178,968.651123046875,844.3486328125,0.09178225696086884,1000.1718139648438,640.526123046875,0.026597285643219948,999.3029174804688,642.4349365234375,0.34463605284690857,1009.6481323242188,647.4879760742188,0.03641647472977638,1001.35888671875,647.43310546875,0.14679092168807983,555.956787109375,865.9343872070312,0.15862305462360382,969.8682861328125,844.4210815429688,0.02457689307630062
76,920.7910766601562,306.17498779296875,0.14215415716171265,1263.78564453125,399.0614013671875,0.4713371694087982,1019.6455688476562,463.90325927734375,0.8030694127082825,1162.9415283203125,500.6665344238281,0.36601582169532776,1084.534423828125,551.9920654296875,0.18073533475399017,1270.606201171875,800.5291137695312,0.04821909964084625,552.7642211914062,864.5280151367188,0.02387775108218193,684.7508544921875,683.4811401367188,0.04619370028376579,556.2315063476562,861.7493286132812,0.05726248025894165,562.2825927734375,861.454345703125,0.06803618371486664,549.2862548828125,373.0639953613281,0.030481427907943726,997.7180786132812,642.1095581054688,0.31822070479393005,1008.5616455078125,648.9315795898438,0.022008677944540977,1000.6852416992188,646.8323974609375,0.09216369688510895,556.1571044921875,866.2539672851562,0.15688325464725494,969.8250732421875,844.975341796875,0.01930072344839573
77,920.61328125,306.09039306640625,0.155291348695755,1263.7598876953125,398.89154052734375,0.4574827253818512,1019.5807495117188,463.8992919921875,0.79946368932724,1163.003173828125,500.7220764160156,0.3668733537197113,1084.600830078125,552.0180053710938,0.18117716908454895,1270.605712890625,800.5303955078125,0.0482657216489315,553.5677490234375,864.6060791015625,0.039738141000270844,684.9918212890625,683.886962890625,0.05305667221546173,556.4529418945312,861.6176147460938,0.08250591903924942,562.7344360351562,860.9009399414062,0.09605482220649719,549.8914184570312,373.36279296875,0.023089135065674782,997.6148071289062,642.3527221679688,0.300320565700531,1008.6131591796875,648.9453735351562,0.025662913918495178,1000.846435546875,646.8795776367188,0.09117710590362549,556.1964111328125,865.7836303710938,0.19428491592407227,969.8690185546875,844.9042358398438,0.017137855291366577
78,922.9749145507812,307.4242858886719,0.12359106540679932,1265.7340087890625,400.8553466796875,0.5790596008300781,1018.7026977539062,464.42779541015625,0.7312104105949402,1163.91650390625,505.2601013183594,0.38954001665115356,1082.995361328125,563.8396606445312,0.16152730584144592,1270.6439208984375,800.5303344726562,0.04780040308833122,553.8873291015625,864.8453369140625,0.057151563465595245,685.2103881835938,683.400634765625,0.05089101195335388,556.2355346679688,860.6106567382812,0.08488737046718597,562.36279296875,860.120361328125,0.09611447900533676,551.0358276367188,374.17022705078125,0.025040481239557266,996.5689086914062,642.5723876953125,0.31037721037864685,1008.8724365234375,649.1110229492188,0.023940714076161385,1000.983642578125,646.5826416015625,0.08970056474208832,557.5834350585938,863.31201171875,0.17101357877254486,972.280517578125,843.787841796875,0.02072390541434288
79,922.7779541015625,306.78857421875,0.1029680147767067,1265.6536865234375,400.6595458984375,0.5819215178489685,1018.4942016601562,464.4176940917969,0.7400171160697937,1163.8695068359375,505.04437255859375,0.36693325638771057,1082.67138671875,563.7371826171875,0.1468423306941986,1270.660888671875,800.514892578125,0.04858628660440445,553.8839111328125,865.010009765625,0.05896192416548729,685.3441772460938,683.4865112304688,0.045083049684762955,556.174560546875,860.5763549804688,0.0866306871175766,562.4879150390625,859.9799194335938,0.0966658815741539,550.734130859375,376.4913635253906,0.02300492860376835,996.1876220703125,642.1223754882812,0.3577761948108673,1008.67138671875,648.8121337890625,0.025294583290815353,1000.703125,646.2752075195312,0.09426933526992798,557.4957885742188,863.2876586914062,0.17691490054130554,552.56982421875,862.9637451171875,0.01747887022793293
80,960.7265014648438,842.8114013671875,0.09814216941595078,1269.1951904296875,401.17071533203125,0.5056005716323853,1016.4498901367188,464.5269775390625,0.5590224862098694,1162.1163330078125,504.8360290527344,0.5917297601699829,1081.2509765625,564.267822265625,0.24817077815532684,1270.66650390625,800.5191040039062,0.048571228981018066,553.8554077148438,864.4743041992188,0.04208784177899361,681.4917602539062,685.2138671875,0.05553457513451576,967.5777587890625,842.6217041015625,0.09139477461576462,971.0470581054688,843.6339721679688,0.09164948761463165,685.7698364257812,675.4859619140625,0.03790298104286194,996.7129516601562,641.8997802734375,0.166708305478096,690.646728515625,682.1943359375,0.033272791653871536,692.2444458007812,684.8411865234375,0.0738581120967865,557.98583984375,863.2373657226562,0.17161794006824493,972.6170043945312,844.4422607421875,0.02056732028722763
81,960.8607177734375,842.596435546875,0.10118893533945084,1269.1513671875,401.1775207519531,0.5069581270217896,1016.3970336914062,464.50653076171875,0.5684831738471985,1162.1409912109375,504.86431884765625,0.5886644124984741,1081.1285400390625,564.1365966796875,0.24972034990787506,1270.6669921875,800.5174560546875,0.04860827699303627,553.6882934570312,864.5911254882812,0.041477177292108536,681.5291137695312,684.7716674804688,0.05178631469607353,967.7343139648438,842.5543212890625,0.09134891629219055,971.2178344726562,843.7271728515625,0.09129945188760757,685.4629516601562,675.6366577148438,0.030144859105348587,996.948486328125,642.1431274414062,0.2536034882068634,690.34326171875,682.2005615234375,0.032478589564561844,692.1800537109375,684.564453125,0.07376386225223541,557.6708984375,862.8925170898438,0.16348576545715332,972.7403564453125,844.5460205078125,0.02135808952152729
82,922.1031494140625,304.95208740234375,0.1047600656747818,1266.7469482421875,400.1927185058594,0.5194790363311768,1015.021728515625,464.8543395996094,0.6478820443153381,1160.8575439453125,503.7907409667969,0.5372247695922852,1079.289306640625,565.28173828125,0.4045744240283966,1270.6669921875,800.5236206054688,0.04876968264579773,552.6143188476562,864.1749877929688,0.025851089507341385,681.0224609375,685.0534057617188,0.06185893341898918,966.6373291015625,843.0892944335938,0.07994968444108963,969.735107421875,844.2630615234375,0.09271378815174103,684.7644653320312,675.1145629882812,0.035394951701164246,996.1017456054688,642.5253295898438,0.18315061926841736,689.59716796875,680.8711547851562,0.037905484437942505,686.4654541015625,684.0009155273438,0.0721670538187027,556.9520874023438,862.6505126953125,0.1250913292169571,971.9229736328125,844.7089233398438,0.019755542278289795
83,960.767333984375,842.6137084960938,0.07990024238824844,1266.7152099609375,400.1272277832031,0.536146342754364,1015.0534057617188,464.83331298828125,0.6467651128768921,1161.156494140625,504.1081848144531,0.528923749923706,1079.0819091796875,565.2996826171875,0.41195234656333923,1270.66943359375,800.5240478515625,0.0487806461751461,552.7708740234375,864.078857421875,0.024930909276008606,680.9978637695312,685.0333251953125,0.06514368951320648,966.5946044921875,842.9205932617188,0.08091535419225693,969.7696533203125,844.0812377929688,0.0929400771856308,684.6755981445312,675.21728515625,0.03787833824753761,996.2689208984375,642.4385986328125,0.16080868244171143,689.7269897460938,680.9266967773438,0.03527648746967316,686.8092651367188,683.9375,0.07036741077899933,557.0000610351562,862.677734375,0.13195940852165222,971.8717651367188,844.5863647460938,0.020035164430737495
84,921.4960327148438,301.3029479980469,0.12256228923797607,1267.0556640625,398.15509033203125,0.4423705041408539,1012.4224853515625,462.7921142578125,0.5866125226020813,1160.070556640625,501.2079772949219,0.3875652551651001,1078.5179443359375,564.4219360351562,0.23026208579540253,1270.6708984375,800.525634765625,0.04868596792221069,553.831298828125,865.5823974609375,0.03761088103055954,680.63427734375,682.94921875,0.046381834894418716,961.7021484375,835.7823486328125,0.09330122917890549,562.9046630859375,859.5202026367188,0.10670425742864609,685.8285522460938,680.0176391601562,0.01724856346845627,995.595947265625,640.0750122070312,0.13454580307006836,547.0209350585938,697.2915649414062,0.024448079988360405,691.9934692382812,682.7391967773438,0.05480565130710602,556.9057006835938,863.5760498046875,0.18683214485645294,971.06689453125,843.7973022460938,0.01931784860789776
