scorer,DLC_effnet_b0_SimbaAug9shuffle2_51000,DLC_effnet_b0_SimbaAug9shuffle2_51000,DLC_effnet_b0_SimbaAug9shuffle2_51000,DLC_effnet_b0_SimbaAug9shuffle2_51000,DLC_effnet_b0_SimbaAug9shuffle2_51000,DLC_effnet_b0_SimbaAug9shuffle2_51000,DLC_effnet_b0_SimbaAug9shuffle2_51000,DLC_effnet_b0_SimbaAug9shuffle2_51000,DLC_effnet_b0_SimbaAug9shuffle2_51000,DLC_effnet_b0_SimbaAug9shuffle2_51000,DLC_effnet_b0_SimbaAug9shuffle2_51000,DLC_effnet_b0_SimbaAug9shuffle2_51000,DLC_effnet_b0_SimbaAug9shuffle2_51000,DLC_effnet_b0_SimbaAug9shuffle2_51000,DLC_effnet_b0_SimbaAug9shuffle2_51000,DLC_effnet_b0_SimbaAug9shuffle2_51000,DLC_effnet_b0_SimbaAug9shuffle2_51000,DLC_effnet_b0_SimbaAug9shuffle2_51000,DLC_effnet_b0_SimbaAug9shuffle2_51000,DLC_effnet_b0_SimbaAug9shuffle2_51000,DLC_effnet_b0_SimbaAug9shuffle2_51000,DLC_effnet_b0_SimbaAug9shuffle2_51000,DLC_effnet_b0_SimbaAug9shuffle2_51000,DLC_effnet_b0_SimbaAug9shuffle2_51000,DLC_effnet_b0_SimbaAug9shuffle2_51000,DLC_effnet_b0_SimbaAug9shuffle2_51000,DLC_effnet_b0_SimbaAug9shuffle2_51000,DLC_effnet_b0_SimbaAug9shuffle2_51000,DLC_effnet_b0_SimbaAug9shuffle2_51000,DLC_effnet_b0_SimbaAug9shuffle2_51000,DLC_effnet_b0_SimbaAug9shuffle2_51000,DLC_effnet_b0_SimbaAug9shuffle2_51000,DLC_effnet_b0_SimbaAug9shuffle2_51000,DLC_effnet_b0_SimbaAug9shuffle2_51000,DLC_effnet_b0_SimbaAug9shuffle2_51000,DLC_effnet_b0_SimbaAug9shuffle2_51000,DLC_effnet_b0_SimbaAug9shuffle2_51000,DLC_effnet_b0_SimbaAug9shuffle2_51000,DLC_effnet_b0_SimbaAug9shuffle2_51000,DLC_effnet_b0_SimbaAug9shuffle2_51000,DLC_effnet_b0_SimbaAug9shuffle2_51000,DLC_effnet_b0_SimbaAug9shuffle2_51000,DLC_effnet_b0_SimbaAug9shuffle2_51000,DLC_effnet_b0_SimbaAug9shuffle2_51000,DLC_effnet_b0_SimbaAug9shuffle2_51000,DLC_effnet_b0_SimbaAug9shuffle2_51000,DLC_effnet_b0_SimbaAug9shuffle2_51000,DLC_effnet_b0_SimbaAug9shuffle2_51000
bodyparts,earr,earr,earr,earl,earl,earl,eyer,eyer,eyer,eyel,eyel,eyel,nose,nose,nose,throat,throat,throat,elbowr,elbowr,elbowr,elbowl,elbowl,elbowl,handr,handr,handr,handl,handl,handl,tailbase,tailbase,tailbase,tailtip,tailtip,tailtip,kneer,kneer,kneer,kneel,kneel,kneel,ankler,ankler,ankler,anklel,anklel,anklel
coords,x,y,likelihood,x,y,likelihood,x,y,likelihood,x,y,likelihood,x,y,likelihood,x,y,likelihood,x,y,likelihood,x,y,likelihood,x,y,likelihood,x,y,likelihood,x,y,likelihood,x,y,likelihood,x,y,likelihood,x,y,likelihood,x,y,likelihood,x,y,likelihood
0,775.6572875976562,337.247802734375,0.9963096976280212,1091.1351318359375,319.028564453125,0.9943256974220276,920.8198852539062,436.2801818847656,0.9985413551330566,1045.788818359375,436.5679016113281,0.9992951154708862,1001.2320556640625,512.9121704101562,0.9897480010986328,1050.6724853515625,441.3660888671875,0.0024015994276851416,347.566162109375,824.345703125,0.08864668756723404,648.1988525390625,718.8495483398438,0.02796577662229538,822.2391967773438,885.2073364257812,0.13205820322036743,822.3152465820312,883.2222290039062,0.006571741309016943,530.2127075195312,434.72772216796875,0.11825944483280182,342.674560546875,826.5443725585938,0.9609912633895874,482.2134094238281,656.03564453125,0.24439916014671326,650.8737182617188,722.1776733398438,0.25885212421417236,823.6494750976562,884.9028930664062,0.7837044596672058,1047.740234375,450.3414001464844,0.041716575622558594
1,772.0729370117188,354.4586181640625,0.9960635304450989,1081.096435546875,323.7366638183594,0.9946075081825256,916.61376953125,448.1078186035156,0.9993964433670044,1040.66796875,448.1108703613281,0.9992313385009766,998.4547729492188,524.3322143554688,0.9984725117683411,868.399169921875,578.2831420898438,0.03124934434890747,787.1200561523438,640.2626953125,0.4723643660545349,636.658447265625,718.7857055664062,0.01592652127146721,813.6246337890625,884.8744506835938,0.1830790489912033,815.3642578125,884.6198120117188,0.014094384387135506,524.6549682617188,434.92755126953125,0.7939157485961914,330.8363952636719,826.7989501953125,0.9753918647766113,478.11944580078125,647.182373046875,0.9104365706443787,639.5223388671875,722.779296875,0.3718309998512268,814.6784057617188,886.6223754882812,0.8164726495742798,813.0746459960938,886.5905151367188,0.027054311707615852
2,764.65576171875,359.9712219238281,0.9808779954910278,1080.1236572265625,329.0492248535156,0.9846241474151611,914.954833984375,456.3740539550781,0.998170018196106,1040.145751953125,456.58551025390625,0.9985717535018921,997.5042114257812,533.7130126953125,0.9977996945381165,876.5845336914062,580.3167724609375,0.05647747963666916,780.0537109375,642.5784912109375,0.7048889994621277,768.2426147460938,366.4281921386719,0.003558568889275193,801.9610595703125,883.717529296875,0.1765800565481186,804.2794799804688,881.9742431640625,0.0122229540720582,526.58740234375,429.6302795410156,0.9404241442680359,322.6435241699219,831.2298583984375,0.9561039209365845,469.88287353515625,649.7067260742188,0.9764496684074402,634.5048828125,718.4181518554688,0.106568843126297,801.5520629882812,883.0536499023438,0.861986517906189,1042.3743896484375,466.34796142578125,0.03682732582092285
3,763.7869262695312,366.32598876953125,0.9849755167961121,1078.8543701171875,336.0019836425781,0.9939517378807068,914.7760620117188,464.1543884277344,0.9989774227142334,1037.9268798828125,467.54254150390625,0.9983271956443787,996.3943481445312,541.8695678710938,0.9992656111717224,356.9045715332031,748.2645874023438,0.012731360271573067,769.9913330078125,645.9466552734375,0.8403860330581665,1048.9073486328125,815.1723022460938,0.0034796621184796095,483.5184631347656,861.732177734375,0.09284840524196625,790.3955078125,882.2079467773438,0.006316815502941608,996.3107299804688,542.0171508789062,0.04450739920139313,320.2113342285156,827.2022094726562,0.637414276599884,464.8441162109375,649.6787719726562,0.9875789284706116,1044.4156494140625,815.3204956054688,0.009855001233518124,788.395263671875,881.626953125,0.7554388642311096,1040.5592041015625,478.0563659667969,0.02681943029165268
4,755.986083984375,374.9013671875,0.9958064556121826,1077.00732421875,345.2261047363281,0.9890667200088501,912.74169921875,476.2784729003906,0.9968242645263672,1039.4718017578125,475.45025634765625,0.9977166652679443,997.9993896484375,552.212890625,0.9967588782310486,907.9505004882812,814.4649047851562,0.0048254490830004215,763.8764038085938,649.81201171875,0.9730972051620483,771.5266723632812,887.6397705078125,0.010837079025804996,1042.2977294921875,810.71826171875,0.6343318819999695,1043.8309326171875,809.6473388671875,0.2130914181470871,575.7254638671875,402.6629638671875,0.049010470509529114,313.37933349609375,829.7117919921875,0.3223079442977905,456.0913391113281,651.8248291015625,0.8198027014732361,765.0804443359375,653.9812622070312,0.012750138528645039,464.7135314941406,861.9534301757812,0.7862493395805359,1042.63623046875,809.0486450195312,0.060740068554878235
5,754.9722290039062,375.8221130371094,0.9959241151809692,1084.262939453125,335.24822998046875,0.9800755977630615,915.6865844726562,469.5609130859375,0.9989319443702698,1042.9901123046875,464.6497497558594,0.9985975623130798,1005.875244140625,538.6415405273438,0.9990635514259338,876.5384521484375,583.7696533203125,0.013336794450879097,750.1196899414062,649.6210327148438,0.9474388957023621,753.4114379882812,890.5407104492188,0.008789347484707832,1059.4261474609375,831.9939575195312,0.1626911461353302,1062.1536865234375,831.86572265625,0.010672042146325111,1006.2262573242188,538.9422607421875,0.06952608376741409,247.5061798095703,820.1343994140625,0.4864576458930969,444.5688171386719,647.078857421875,0.9880088567733765,619.7079467773438,721.2770385742188,0.0960388332605362,1061.05859375,831.2417602539062,0.9209069609642029,1060.2498779296875,831.2100219726562,0.030068080872297287
6,755.4988403320312,376.5335388183594,0.9951955676078796,1092.593017578125,334.812744140625,0.9867205619812012,920.2921142578125,466.5427551269531,0.9991726279258728,1048.504150390625,455.88037109375,0.9989307522773743,1012.7491455078125,535.4988403320312,0.9984536170959473,873.0866088867188,578.6361083984375,0.008949631825089455,743.3464965820312,652.4153442382812,0.9852460026741028,740.4530639648438,890.4450073242188,0.04486469551920891,1086.597900390625,832.381103515625,0.22513805329799652,1089.546142578125,831.6895751953125,0.04333225265145302,544.8519287109375,401.4109191894531,0.9468307495117188,233.2840576171875,819.4194946289062,0.9076852202415466,437.74102783203125,634.54345703125,0.9665566682815552,606.8084716796875,713.6080322265625,0.06543554365634918,1088.758544921875,831.410888671875,0.8057623505592346,1087.1046142578125,831.553955078125,0.051329392939805984
7,761.8074340820312,362.48626708984375,0.996639609336853,1101.84326171875,333.86395263671875,0.9882515072822571,916.427490234375,455.726318359375,0.9984617233276367,1051.1243896484375,448.48138427734375,0.9985895752906799,1013.2670288085938,527.6378784179688,0.994699239730835,-0.40082836151123047,477.6595458984375,0.0017438649665564299,735.8372802734375,649.4127197265625,0.9674637317657471,723.2705078125,891.2605590820312,0.057034071534872055,723.8372192382812,884.9595947265625,0.143986314535141,726.0764770507812,883.9061889648438,0.011054511182010174,533.9400024414062,399.0014343261719,0.7412242293357849,226.56776428222656,824.4796752929688,0.9770011305809021,434.92132568359375,620.0681762695312,0.9720138907432556,588.7925415039062,719.4823608398438,0.7969748377799988,1118.603271484375,847.8544921875,0.6086140871047974,723.5826416015625,883.983154296875,0.02109980210661888
8,761.5140991210938,362.3622741699219,0.99396151304245,1110.9404296875,341.82452392578125,0.994670569896698,920.7296752929688,452.63018798828125,0.9984598159790039,1054.334716796875,448.7997741699219,0.9979775547981262,1020.5009765625,527.384521484375,0.9902446269989014,834.5840454101562,809.8676147460938,0.07029177248477936,727.5665893554688,653.9811401367188,0.9870710968971252,570.670654296875,713.19287109375,0.025341546162962914,1148.518798828125,859.4404907226562,0.07691891491413116,1150.9332275390625,857.6422729492188,0.028739795088768005,521.6951904296875,399.13140869140625,0.7578527331352234,706.9923706054688,886.40234375,0.20334404706954956,433.9578552246094,602.4022216796875,0.9815975427627563,575.0708618164062,714.4884033203125,0.6109190583229065,1150.689697265625,859.2765502929688,0.6577064990997314,1150.060546875,859.601806640625,0.03968837857246399
9,768.0972290039062,350.7426452636719,0.9820744395256042,1110.3790283203125,336.7032165527344,0.996088981628418,921.1351318359375,446.2693786621094,0.9930950999259949,1056.378662109375,447.0005798339844,0.9986724853515625,1017.9599609375,525.3773193359375,0.996780514717102,817.3849487304688,808.91552734375,0.017561031505465508,725.814208984375,655.4595947265625,0.9810670614242554,1024.976318359375,629.87841796875,0.0905786007642746,691.1405639648438,880.832275390625,0.0961439311504364,1134.7869873046875,858.0880737304688,0.023409459739923477,514.632568359375,389.8240661621094,0.9927359819412231,1024.13623046875,628.3295288085938,0.33848336338996887,437.4559631347656,582.841064453125,0.9868274927139282,569.4434204101562,697.4523315429688,0.19718141853809357,1134.533447265625,859.4169921875,0.6538082361221313,1133.3160400390625,859.6015014648438,0.023094307631254196
10,759.3594970703125,344.26202392578125,0.9812965989112854,1104.515380859375,325.38458251953125,0.9947322607040405,921.9592895507812,437.47479248046875,0.9935595989227295,1057.6304931640625,433.14910888671875,0.9980339407920837,1019.4271240234375,518.5741577148438,0.9953343272209167,444.0254821777344,796.9596557617188,0.002615459728986025,720.199462890625,658.5698852539062,0.9972686767578125,676.500244140625,885.793701171875,0.09064178168773651,434.9708251953125,803.4444580078125,0.30643555521965027,438.9876708984375,802.51416015625,0.02638935297727585,516.4938354492188,378.6880798339844,0.9141852855682373,678.3963012695312,882.1755981445312,0.1336553543806076,442.2186584472656,567.2896728515625,0.9537285566329956,554.8787231445312,687.184814453125,0.16625159978866577,435.6542053222656,803.8820190429688,0.7496363520622253,436.5547180175781,804.5081176757812,0.16142158210277557
11,757.9468994140625,342.81744384765625,0.993755578994751,1100.49951171875,317.02471923828125,0.992572546005249,922.4921875,436.96038818359375,0.9977613687515259,1057.8699951171875,432.3840026855469,0.9971832633018494,1023.3123779296875,511.9690856933594,0.9966912269592285,502.89862060546875,811.2838745117188,0.003113067476078868,719.1856689453125,657.5542602539062,0.9950908422470093,662.1005859375,882.611328125,0.020908186212182045,460.5763854980469,805.4795532226562,0.2927798926830292,461.6186218261719,804.9595947265625,0.05620523542165756,514.3834838867188,378.2243957519531,0.8765022158622742,554.85302734375,659.3092041015625,0.6983203887939453,451.7233581542969,578.9717407226562,0.7548120021820068,1113.0706787109375,861.0552978515625,0.021581027656793594,1108.105224609375,858.2249145507812,0.7251582145690918,461.5086975097656,804.4767456054688,0.09521143138408661
12,758.4828491210938,334.6098327636719,0.9959020018577576,1101.6053466796875,307.8599548339844,0.964641809463501,922.9718017578125,433.7939453125,0.9979293346405029,1059.2672119140625,425.9472351074219,0.9977222084999084,1024.3055419921875,506.1886901855469,0.9973280429840088,1064.3011474609375,428.63525390625,0.004034600220620632,713.8304443359375,663.074462890625,0.9893575310707092,759.8893432617188,669.5358276367188,0.03553580120205879,1093.124755859375,857.8715209960938,0.06763885915279388,1093.0380859375,857.7236328125,0.03527724742889404,510.1318054199219,375.01824951171875,0.9904406070709229,651.901611328125,880.1142578125,0.27295926213264465,458.75537109375,582.6613159179688,0.9472389817237854,1098.520263671875,860.8055419921875,0.03206269070506096,652.509765625,873.6215209960938,0.6643934845924377,1092.9019775390625,858.20751953125,0.09276808798313141
13,757.231201171875,337.5723571777344,0.9975135326385498,1098.1917724609375,310.960205078125,0.9833977222442627,922.0822143554688,439.76922607421875,0.997991681098938,1058.187255859375,432.3807373046875,0.9984164237976074,1024.2242431640625,509.76031494140625,0.9978658556938171,878.2079467773438,572.9519653320312,0.004065389279276133,714.2288208007812,664.4989013671875,0.9926907420158386,1015.9266967773438,642.0985107421875,0.02070731110870838,1077.6038818359375,855.6083984375,0.11940627545118332,1078.7891845703125,852.5548706054688,0.044670846313238144,510.1557312011719,372.92498779296875,0.9918238520622253,1481.0345458984375,376.7640075683594,0.5007671117782593,468.1439208984375,599.5897216796875,0.9916989803314209,1083.1705322265625,856.5087280273438,0.010843322612345219,1078.712890625,855.4828491210938,0.5424239635467529,1078.066650390625,855.2200927734375,0.11404696851968765
14,756.518798828125,335.066650390625,0.9959259033203125,1100.370361328125,304.58050537109375,0.9819482564926147,921.7919311523438,435.0791931152344,0.9990493655204773,1059.0806884765625,428.9168395996094,0.9980452060699463,1023.6380004882812,508.04559326171875,0.9970268607139587,749.9034423828125,649.2175903320312,0.003772362368181348,731.3817749023438,654.8008422851562,0.987759530544281,743.2088623046875,660.6093139648438,0.029638580977916718,1066.010498046875,855.21533203125,0.1329069435596466,1067.6690673828125,851.8414306640625,0.042401183396577835,508.5828857421875,370.811279296875,0.9954094290733337,272.8280334472656,837.94091796875,0.2563503086566925,471.830078125,610.2512817382812,0.9741317629814148,732.9889526367188,660.90087890625,0.014064691960811615,1067.9256591796875,854.503662109375,0.705750584602356,1066.012451171875,854.3231201171875,0.05665907263755798
15,757.060302734375,332.6912841796875,0.9967604279518127,1097.4764404296875,303.30694580078125,0.9780819416046143,920.8565673828125,433.70477294921875,0.9991218447685242,1057.76904296875,429.9591979980469,0.9980935454368591,1021.9761962890625,507.6312561035156,0.9988439083099365,872.0858764648438,575.3194580078125,0.05884036421775818,756.6111450195312,649.3291625976562,0.8667746782302856,760.0729370117188,651.9332275390625,0.004404888488352299,546.5714111328125,848.2276000976562,0.16880877315998077,1054.0504150390625,851.2947387695312,0.05682457238435745,506.67877197265625,366.8275451660156,0.9907241463661194,637.7620849609375,822.6324462890625,0.3249872326850891,479.49560546875,627.2718505859375,0.9687767624855042,7.413646697998047,482.6160888671875,0.03859345242381096,1053.9520263671875,852.40283203125,0.6931524872779846,546.9259643554688,847.1132202148438,0.16889938712120056
16,753.198486328125,329.38739013671875,0.9930471777915955,1093.333740234375,300.72509765625,0.9906818866729736,917.5394287109375,426.9415283203125,0.9977877140045166,1057.0184326171875,423.9400939941406,0.999215841293335,1022.1841430664062,501.3414306640625,0.9985530972480774,873.6825561523438,577.6199951171875,0.02452976256608963,770.9205322265625,647.725341796875,0.9310268759727478,776.640380859375,651.0167236328125,0.04141624644398689,1042.9644775390625,850.4139404296875,0.13685807585716248,1043.8125,851.6741943359375,0.04341431334614754,515.1416625976562,362.52178955078125,0.9380009174346924,1443.0076904296875,373.0005187988281,0.26333191990852356,484.83575439453125,637.2940063476562,0.22000828385353088,978.2281494140625,634.3170166015625,0.03315480798482895,567.4320068359375,840.8248291015625,0.7404404878616333,1043.4796142578125,849.32275390625,0.15640735626220703
17,754.5823364257812,325.375732421875,0.998619556427002,1091.802978515625,292.57879638671875,0.9940060377120972,918.4740600585938,425.7198486328125,0.9982218146324158,1055.134521484375,422.80804443359375,0.9984361529350281,1017.160400390625,498.9548645019531,0.9963778853416443,877.9706420898438,581.3630981445312,0.0262751542031765,970.7071533203125,627.5950317382812,0.4132174253463745,798.2244873046875,650.8544311523438,0.051509685814380646,1031.1484375,850.8857421875,0.19685837626457214,1033.320068359375,851.13525390625,0.05187052860856056,525.3368530273438,358.6115417480469,0.9319562315940857,797.8385009765625,649.6976318359375,0.25805577635765076,485.6346740722656,645.7666015625,0.6345825791358948,970.9351196289062,633.5482788085938,0.028663592413067818,1032.168701171875,850.856201171875,0.6593036651611328,1031.8486328125,850.4517211914062,0.12954291701316833
18,759.7593383789062,315.404296875,0.9958035349845886,1092.7335205078125,285.4654846191406,0.9925248026847839,922.7054443359375,421.9527282714844,0.9975316524505615,1058.9410400390625,423.4256286621094,0.999393105506897,1019.0995483398438,499.9153137207031,0.9983615279197693,1063.9285888671875,427.18182373046875,0.0044436706230044365,811.3052978515625,629.4850463867188,0.6227840781211853,966.5381469726562,635.5039672851562,0.01262406911700964,1020.4686279296875,850.3745727539062,0.22814518213272095,1022.1512451171875,848.1768798828125,0.11903862655162811,528.0966796875,359.1349182128906,0.8066474795341492,482.4686279296875,797.7086181640625,0.9467228055000305,489.0467224121094,655.1834106445312,0.07720686495304108,968.4031982421875,636.132568359375,0.040992334485054016,1022.0352783203125,851.2203369140625,0.5634329319000244,1021.2637939453125,850.3759155273438,0.1021222472190857
19,765.0802001953125,310.38836669921875,0.9908331036567688,1095.1263427734375,280.01812744140625,0.9922145009040833,928.9866333007812,422.2656555175781,0.9990710020065308,1064.76708984375,420.6685485839844,0.9989270567893982,1022.603759765625,499.8585510253906,0.997660756111145,1069.4278564453125,424.82244873046875,0.0018605439690873027,581.6778564453125,700.3311767578125,0.009442660957574844,910.6438598632812,838.7039794921875,0.015242858789861202,1011.607421875,848.7347412109375,0.3521151542663574,1013.3232421875,846.5526123046875,0.134259432554245,530.8303833007812,356.36309814453125,0.8963058590888977,911.1669311523438,837.1943359375,0.7720460891723633,492.0372619628906,650.4981689453125,0.052463650703430176,494.5161437988281,652.7785034179688,0.012326152063906193,1013.355712890625,849.67626953125,0.5609915852546692,1011.9801635742188,848.36474609375,0.19025848805904388
20,769.4121704101562,309.84063720703125,0.9982829093933105,1102.434814453125,278.8775939941406,0.9953054189682007,932.2574462890625,426.421875,0.9981939196586609,1068.7093505859375,431.518310546875,0.9901769757270813,1028.6700439453125,503.5418395996094,0.9956293106079102,1.606698989868164,1022.753173828125,0.003957429435104132,586.8572387695312,706.4459838867188,0.01941380463540554,966.3751831054688,633.7769165039062,0.059403758496046066,1002.6557006835938,850.6278076171875,0.23363259434700012,1004.3433227539062,849.872314453125,0.07553654164075851,532.139404296875,357.64495849609375,0.9420151114463806,464.9681701660156,801.2523193359375,0.913442850112915,496.46282958984375,659.4650268554688,0.9854187965393066,499.65765380859375,658.2207641601562,0.015394998714327812,1004.6497802734375,849.8468017578125,0.5155431032180786,1002.7003784179688,849.4977416992188,0.1098746508359909
21,776.9249877929688,304.36846923828125,0.9966362714767456,1112.392822265625,277.98956298828125,0.9809258580207825,939.3858642578125,422.476806640625,0.9956337809562683,1076.399658203125,421.85516357421875,0.9991752505302429,1038.8358154296875,494.5321960449219,0.9937294721603394,910.7299194335938,594.9459838867188,0.013919392600655556,862.3335571289062,597.8702392578125,0.02560155838727951,962.4739379882812,631.6194458007812,0.17472468316555023,998.486328125,848.0801391601562,0.025339702144265175,1001.30419921875,846.7281494140625,0.006464705802500248,536.9669189453125,356.9755554199219,0.7895821928977966,964.5349731445312,627.4755249023438,0.8819944858551025,495.56732177734375,655.86572265625,0.9961251616477966,497.3000793457031,653.8894653320312,0.008337181992828846,1001.7042846679688,846.6105346679688,0.05485626682639122,1078.0316162109375,433.6559143066406,0.025314223021268845
22,791.6043701171875,304.07421875,0.9970266222953796,1120.8665771484375,275.82293701171875,0.9846497178077698,949.9697875976562,425.4664001464844,0.9971343278884888,1085.3870849609375,420.9847412109375,0.9982298016548157,1050.9051513671875,497.5909423828125,0.9562437534332275,924.30126953125,592.6737060546875,0.0013602400431409478,502.0029602050781,651.228515625,0.004031602293252945,979.12109375,623.150634765625,0.037922877818346024,575.0681762695312,860.8916015625,0.02374870516359806,1085.1759033203125,429.80126953125,0.0048930407501757145,547.177001953125,362.44281005859375,0.614488959312439,979.5819702148438,619.515380859375,0.8814401626586914,498.8309020996094,651.8475341796875,0.9982587695121765,981.7576293945312,623.8726196289062,0.01722581870853901,576.2374877929688,861.64111328125,0.439659982919693,1086.21142578125,431.6807861328125,0.018708137795329094
23,804.228271484375,302.5731201171875,0.9985612034797668,1131.7569580078125,272.4710998535156,0.9447212815284729,955.0405883789062,422.2310791015625,0.990225613117218,1093.4354248046875,416.8067321777344,0.9984980821609497,1058.6202392578125,494.85467529296875,0.9961462020874023,936.1848754882812,586.7506713867188,0.0030775165650993586,894.9138793945312,588.3765869140625,0.013485722243785858,806.1130981445312,308.6878356933594,0.008881153538823128,984.179443359375,845.8866577148438,0.024508342146873474,985.5443115234375,845.0746459960938,0.008683116175234318,560.1046752929688,366.95654296875,0.8520699143409729,265.08642578125,500.940185546875,0.23354922235012054,498.0780334472656,652.5894165039062,0.9962159991264343,988.3457641601562,850.0578002929688,0.007443160284310579,572.454833984375,862.9345703125,0.43840375542640686,1098.3597412109375,428.6705322265625,0.023781312629580498
24,820.5365600585938,296.7704162597656,0.994756817817688,1141.8607177734375,270.7370300292969,0.9638618230819702,968.3095703125,421.1201477050781,0.9972477555274963,1104.9583740234375,409.4831848144531,0.9979296922683716,1072.5145263671875,488.2711181640625,0.9909676909446716,1110.418701171875,412.3086242675781,0.006774879992008209,1024.6275634765625,619.9845581054688,0.0031287739984691143,1025.697998046875,623.7482299804688,0.20919284224510193,977.338623046875,841.9586181640625,0.04398907348513603,980.2950439453125,840.8632202148438,0.011231637559831142,563.9171752929688,372.656494140625,0.6102349162101746,1025.974853515625,621.7774047851562,0.8389367461204529,500.3406066894531,648.1522827148438,0.9988932013511658,984.4340209960938,845.8701782226562,0.015881942585110664,979.319091796875,842.5086669921875,0.3536129891872406,977.6604614257812,842.0882568359375,0.022762762382626534
25,823.31982421875,304.06414794921875,0.996304988861084,1144.3804931640625,274.2641906738281,0.7412205934524536,970.8816528320312,427.8041687011719,0.9795442223548889,1107.0323486328125,428.5905456542969,0.9976658821105957,1070.3245849609375,498.9236145019531,0.9978048205375671,1112.11181640625,429.3684997558594,0.005109749734401703,912.510009765625,606.2904052734375,0.01674550585448742,972.5008544921875,606.5936279296875,0.05214078351855278,1040.01611328125,810.6666870117188,0.20055155456066132,1040.630615234375,810.1541137695312,0.051036398857831955,554.2777709960938,372.4688415527344,0.11617915332317352,238.9292449951172,806.4119873046875,0.3937739133834839,499.1751708984375,645.745849609375,0.9994219541549683,981.5906982421875,846.6099853515625,0.003554499940946698,1041.210205078125,810.6729125976562,0.27995651960372925,1040.37890625,809.651123046875,0.04890289902687073
26,835.6033935546875,298.4056396484375,0.989700198173523,1147.810546875,282.03082275390625,0.8448055982589722,977.1297607421875,437.4946594238281,0.9977292418479919,1114.1072998046875,431.74224853515625,0.9939887523651123,1077.4080810546875,504.89056396484375,0.9933432340621948,931.5454711914062,602.2913818359375,0.004549248609691858,911.964111328125,617.4695434570312,0.9878838658332825,966.19677734375,602.4901733398438,0.1233261302113533,1038.8299560546875,858.33740234375,0.3285942077636719,1040.5826416015625,857.5936279296875,0.1020001694560051,555.2064208984375,369.9142150878906,0.9379743933677673,236.6000518798828,807.4134521484375,0.9507742524147034,499.5625,640.764404296875,0.9994809031486511,915.3368530273438,620.46728515625,0.016943586990237236,1040.5211181640625,857.779541015625,0.1508842259645462,1036.5601806640625,859.8468627929688,0.09641926735639572
27,837.5113525390625,311.7127990722656,0.997675359249115,1152.3712158203125,288.74542236328125,0.9008105993270874,981.9004516601562,445.9668273925781,0.9972770810127258,1119.5994873046875,444.401611328125,0.9835157990455627,1081.1851806640625,517.2799072265625,0.9949735403060913,1034.7999267578125,872.375732421875,0.03327740728855133,909.4487915039062,621.3218994140625,0.9875456690788269,961.74951171875,612.6200561523438,0.20948505401611328,1036.5906982421875,877.1500244140625,0.7369052171707153,1036.37353515625,876.61572265625,0.2938355505466461,554.9868774414062,369.4637756347656,0.993561863899231,235.4833221435547,802.9262084960938,0.9720190763473511,498.2845458984375,639.1215209960938,0.9981474876403809,911.5640258789062,624.2119140625,0.01618180051445961,553.9743041992188,863.4691772460938,0.4501379132270813,1033.271484375,875.2705688476562,0.29312482476234436
28,837.78857421875,322.0193176269531,0.9976987242698669,1155.6678466796875,296.5028381347656,0.860417902469635,989.4389038085938,451.6713562011719,0.9977992177009583,1127.81298828125,453.1122131347656,0.9943148493766785,1089.5064697265625,527.156005859375,0.9978616833686829,1035.9371337890625,880.7213134765625,0.003120263572782278,908.3689575195312,621.9006958007812,0.6954172253608704,961.1246948242188,617.7529907226562,0.3427482545375824,1035.3885498046875,886.802734375,0.5246759653091431,1035.8577880859375,884.30859375,0.1402035355567932,555.490478515625,369.6360778808594,0.9941914677619934,233.85244750976562,799.2061157226562,0.6006488800048828,496.4432373046875,638.6505126953125,0.9969165325164795,910.5845947265625,624.3627319335938,0.008243064396083355,553.862060546875,864.5606689453125,0.6494295001029968,1033.68896484375,885.7778930664062,0.12260992079973221
29,854.689208984375,322.3289794921875,0.9972176551818848,1169.2364501953125,303.64971923828125,0.9706026315689087,1005.0529174804688,443.8199768066406,0.9930260181427002,1142.885986328125,437.0584716796875,0.9988387227058411,1105.3968505859375,512.8201904296875,0.9953378438949585,1147.941650390625,442.0447692871094,0.0017725214129313827,941.1262817382812,763.8391723632812,0.010297507047653198,982.3173217773438,594.9203491210938,0.03425166755914688,551.3142700195312,861.8085327148438,0.009710530750453472,497.4622802734375,633.1368408203125,0.002241826616227627,559.459716796875,364.221435546875,0.9876703023910522,984.0751953125,592.9154663085938,0.9315620064735413,500.0718688964844,632.2727661132812,0.9954571723937988,502.80096435546875,632.0986938476562,0.016536077484488487,553.5,863.4039916992188,0.5071176886558533,1145.8624267578125,449.54168701171875,0.03969127684831619
30,849.2760009765625,330.7132873535156,0.9941343665122986,1182.865966796875,308.4986877441406,0.2620689570903778,1017.2354125976562,421.62371826171875,0.9963729381561279,1155.6009521484375,416.7126770019531,0.9970598816871643,1118.536865234375,491.1608581542969,0.99534010887146,955.7946166992188,587.2931518554688,0.0013333389069885015,560.7859497070312,703.0267944335938,0.006870411802083254,561.7487182617188,707.9208374023438,0.03707180917263031,967.2169189453125,838.1702270507812,0.04341932758688927,968.7467651367188,835.6676025390625,0.06875289976596832,573.3776245117188,358.7489013671875,0.9761670827865601,1001.4918823242188,569.1890258789062,0.5587499737739563,503.90380859375,627.1038208007812,0.9965235590934753,975.0875854492188,839.0687255859375,0.010188582353293896,557.3965454101562,862.4464721679688,0.5118971467018127,968.7734985351562,836.1294555664062,0.07819078117609024
31,849.2393188476562,330.4787292480469,0.9937606453895569,1182.9453125,308.4710998535156,0.2817857265472412,1017.24755859375,421.58709716796875,0.9963956475257874,1155.571533203125,416.7141418457031,0.9971355199813843,1118.43798828125,491.3232727050781,0.9954662322998047,1160.8841552734375,414.5718994140625,0.0012527286307886243,560.9285888671875,702.729736328125,0.008642751723527908,561.7845458984375,707.5121459960938,0.03879367560148239,967.6555786132812,838.179931640625,0.03727453574538231,969.1900024414062,835.605712890625,0.05769376456737518,573.8720092773438,358.6841735839844,0.9773573279380798,1001.6063232421875,568.5299072265625,0.7031224966049194,503.9079895019531,626.571044921875,0.9966219663619995,975.7101440429688,839.1513671875,0.009758224710822105,557.3257446289062,862.4646606445312,0.5870254635810852,969.1773071289062,835.9462280273438,0.06629276275634766
32,865.0274047851562,336.172119140625,0.9966321587562561,1185.51416015625,289.466552734375,0.09890768676996231,1032.636962890625,405.5812072753906,0.9916616678237915,1176.197998046875,379.18829345703125,0.9824684262275696,1161.3187255859375,452.63623046875,0.9967575669288635,1179.8492431640625,380.0996398925781,0.0010273297084495425,557.7296142578125,698.2460327148438,0.06844695657491684,867.8219604492188,342.12200927734375,0.006717281881719828,966.7000732421875,838.3861083984375,0.07781339436769485,968.9049072265625,835.6156616210938,0.09017114341259003,577.5332641601562,364.8070068359375,0.9844455122947693,556.1735229492188,861.58642578125,0.235157310962677,505.6290283203125,628.3197021484375,0.9938721656799316,620.3648681640625,666.862548828125,0.014247423969209194,556.8151245117188,861.6632080078125,0.5841348767280579,968.4125366210938,837.0214233398438,0.10271330922842026
33,865.0755004882812,336.3861083984375,0.9965208768844604,1184.584716796875,287.92291259765625,0.1021290197968483,1032.6187744140625,405.50921630859375,0.9917152523994446,1176.2171630859375,379.1468811035156,0.9831278324127197,1161.2841796875,452.4656982421875,0.9969606995582581,1179.8599853515625,380.0846862792969,0.0010294439271092415,557.345703125,698.3579711914062,0.07697296142578125,867.8147583007812,342.3810119628906,0.007026751060038805,967.0857543945312,837.962646484375,0.06950124353170395,968.9374389648438,835.9259033203125,0.08640971034765244,577.8933715820312,364.7484130859375,0.9856134057044983,555.9965209960938,860.463134765625,0.2599530816078186,505.7554016113281,628.342041015625,0.993914783000946,620.2521362304688,666.7242431640625,0.014817769639194012,556.48388671875,860.9307250976562,0.4848223626613617,969.0253295898438,836.3836669921875,0.08664414286613464
34,876.525390625,374.9874572753906,0.9715392589569092,1209.8408203125,344.42462158203125,0.6249653697013855,1045.4617919921875,453.88262939453125,0.9959087371826172,1186.7906494140625,442.4637451171875,0.9941493272781372,1159.2384033203125,512.7730102539062,0.9960766434669495,1191.8255615234375,443.78253173828125,0.0028200196102261543,914.9042358398438,675.2476806640625,0.31676051020622253,624.0801391601562,653.20068359375,0.006200031377375126,971.91162109375,836.4328002929688,0.015322281047701836,1186.732421875,449.9190979003906,0.015363718383014202,581.6035766601562,370.9176330566406,0.9061331152915955,557.24609375,860.7440185546875,0.24521657824516296,508.3345947265625,637.9586181640625,0.9823099970817566,627.0340576171875,654.70654296875,0.02223369851708412,557.8580932617188,859.7855224609375,0.3875472843647003,974.8949584960938,836.1129760742188,0.02592460997402668
35,876.5294189453125,374.88275146484375,0.9689415097236633,1210.003173828125,344.4369201660156,0.6391260623931885,1045.4742431640625,453.8406982421875,0.9957668781280518,1186.788330078125,442.5254821777344,0.9943165183067322,1159.4708251953125,512.677734375,0.995681643486023,1191.8525390625,443.83197021484375,0.0028877980075776577,915.1155395507812,675.0315551757812,0.3566526174545288,624.0076293945312,653.1556396484375,0.005501131061464548,971.7444458007812,836.4826049804688,0.016121650114655495,1186.7119140625,449.973388671875,0.015738358721137047,581.7633666992188,370.746337890625,0.9216368794441223,557.4336547851562,861.8085327148438,0.19009745121002197,509.0893859863281,636.9661865234375,0.9830160737037659,626.8880004882812,654.7122192382812,0.02244064025580883,557.9172973632812,861.8378295898438,0.5397812128067017,974.5863037109375,836.0980834960938,0.02334667555987835
36,883.331298828125,433.5368957519531,0.9940155744552612,1232.89453125,402.888671875,0.988052248954773,1048.9935302734375,501.3934631347656,0.9945996999740601,1186.4256591796875,490.6468505859375,0.987595796585083,1158.0128173828125,567.7848510742188,0.999144434928894,1191.098388671875,491.8542175292969,0.0018899901770055294,916.3502197265625,670.5177612304688,0.35298219323158264,884.58203125,440.1529541015625,0.005160011816769838,967.1001586914062,838.2438354492188,0.05155743286013603,969.7247924804688,835.3617553710938,0.0420854315161705,568.2837524414062,369.75341796875,0.9893581867218018,1008.9041137695312,633.2898559570312,0.1541929841041565,506.10223388671875,626.6804809570312,0.9944785833358765,508.8293762207031,626.0050659179688,0.014203658327460289,557.4528198242188,862.3486328125,0.48906856775283813,968.9200439453125,836.5607299804688,0.06267210096120834
37,883.4028930664062,433.64422607421875,0.9941774606704712,1232.5067138671875,402.8069152832031,0.989490807056427,1048.9886474609375,501.4340515136719,0.9944461584091187,1186.4326171875,490.7471008300781,0.9882815480232239,1157.501708984375,567.442138671875,0.9992042183876038,1191.1151123046875,491.9203796386719,0.0019481027266010642,916.2286376953125,670.4171142578125,0.21025869250297546,884.6431884765625,440.26007080078125,0.005096009001135826,966.9706420898438,838.0452270507812,0.04285687208175659,969.6473999023438,835.3214111328125,0.03275613114237785,568.6002807617188,369.56829833984375,0.9903934597969055,556.7097778320312,862.2642822265625,0.16210214793682098,506.1028137207031,627.6173095703125,0.9947880506515503,508.4764709472656,626.7274169921875,0.013226879760622978,557.2177734375,862.5038452148438,0.50229811668396,968.767578125,836.2695922851562,0.05975315719842911
38,881.568359375,459.5328063964844,0.9951699376106262,1239.4971923828125,451.15631103515625,0.9682467579841614,1041.1292724609375,545.3540649414062,0.9990301132202148,1179.947265625,546.0122680664062,0.8996590375900269,1148.712646484375,609.0780029296875,0.9951061010360718,1149.8470458984375,618.0109252929688,0.0016292351065203547,915.7369995117188,662.8579711914062,0.0028788710478693247,884.0193481445312,465.25384521484375,0.017207244411110878,555.0728149414062,862.335205078125,0.013859867118299007,972.197509765625,839.3041381835938,0.010504329577088356,566.2998657226562,370.1167297363281,0.9875621795654297,372.6908264160156,875.6262817382812,0.595551073551178,496.85955810546875,636.309326171875,0.9538712501525879,498.29071044921875,636.220458984375,0.036859046667814255,557.0150146484375,862.9346313476562,0.48779985308647156,1182.7794189453125,555.1362915039062,0.014566737227141857
39,881.75634765625,459.644287109375,0.9955549836158752,1239.3079833984375,450.8970642089844,0.9706957340240479,1040.79736328125,545.6552124023438,0.999009370803833,1180.017578125,545.9732055664062,0.9062038660049438,1148.759033203125,609.1351318359375,0.9952180981636047,1149.875732421875,618.0731201171875,0.001604101387783885,915.2588500976562,663.4224243164062,0.004307339899241924,884.2407836914062,465.3540954589844,0.014598106034100056,554.692626953125,862.9917602539062,0.014530361630022526,971.8135375976562,839.0499267578125,0.009273027069866657,566.3916625976562,369.2497253417969,0.9881173968315125,372.0204772949219,875.5990600585938,0.48960790038108826,499.5999450683594,630.5753173828125,0.9853017926216125,501.7698974609375,629.9680786132812,0.022919032722711563,556.5718383789062,863.5768432617188,0.5603357553482056,1182.7823486328125,555.13818359375,0.01483971904963255
40,874.56982421875,435.9363098144531,0.9659997820854187,1257.399169921875,424.8607482910156,0.9237887859344482,1036.14501953125,499.8161926269531,0.11629887670278549,1182.8516845703125,497.4402160644531,0.8022651672363281,1140.2303466796875,570.8917236328125,0.9933759570121765,1143.181396484375,572.7651977539062,0.0013497588224709034,550.649169921875,701.23974609375,0.08087499439716339,0.8754308223724365,926.2505493164062,0.002185545163229108,967.2660522460938,838.62744140625,0.030000094324350357,967.5831298828125,837.7815551757812,0.03648890182375908,566.5740356445312,370.65277099609375,0.9855235815048218,374.93682861328125,881.647705078125,0.2902847230434418,500.3561096191406,625.1879272460938,0.9926987290382385,502.0807800292969,625.3278198242188,0.020178576931357384,554.4735717773438,863.395263671875,0.4695292115211487,967.5806884765625,837.8794555664062,0.053574226796627045
41,873.9345092773438,435.97027587890625,0.9655700325965881,1257.4134521484375,424.5627136230469,0.9207446575164795,1036.113037109375,499.8507995605469,0.10136136412620544,1182.8475341796875,497.40118408203125,0.7578280568122864,1140.2037353515625,571.0971069335938,0.9943575263023376,1143.1981201171875,572.9797973632812,0.0012239294592291117,549.9976806640625,701.9107055664062,0.11728744208812714,569.0581665039062,375.8489685058594,0.002181083196774125,966.9343872070312,838.6652221679688,0.021629026159644127,967.2385864257812,837.8189697265625,0.0204478707164526,566.1429443359375,370.8875427246094,0.986946165561676,373.7879638671875,875.6209106445312,0.49356934428215027,500.2483215332031,625.6041259765625,0.9930872321128845,502.70751953125,625.5570068359375,0.02021750807762146,554.349365234375,863.20458984375,0.4704003930091858,967.1721801757812,837.7409057617188,0.03870122507214546
42,875.7947998046875,420.9792785644531,0.9443945288658142,1268.5927734375,410.8884582519531,0.905142605304718,1044.7464599609375,471.7046203613281,0.9970971345901489,1182.108154296875,465.5368957519531,0.9965090155601501,1147.1221923828125,534.0836181640625,0.9956095814704895,1187.985595703125,472.8877868652344,0.00266181374900043,922.1740112304688,669.8909912109375,0.3222384750843048,687.5521850585938,679.05810546875,0.0077734896913170815,965.291748046875,839.0795288085938,0.022752130404114723,966.3042602539062,836.77490234375,0.0173171516507864,567.2658081054688,370.2146301269531,0.9821475744247437,691.1943969726562,677.5668334960938,0.14689156413078308,500.8608093261719,625.9537963867188,0.9921926856040955,502.4258728027344,626.1507568359375,0.02238394133746624,554.8917846679688,864.2366943359375,0.5714278817176819,967.2486572265625,838.5308837890625,0.04685351625084877
43,875.7221069335938,420.8212585449219,0.9410803914070129,1268.64453125,410.9468994140625,0.9027953147888184,1044.7266845703125,471.6963806152344,0.9970263838768005,1182.107421875,465.4695739746094,0.996729850769043,1146.9781494140625,533.8239135742188,0.9954949617385864,1187.9012451171875,472.9523010253906,0.002569759264588356,921.92822265625,669.732177734375,0.32071757316589355,687.705322265625,679.9244995117188,0.007061203941702843,967.3643188476562,839.42626953125,0.03728892654180527,968.7393798828125,838.1571044921875,0.029410570859909058,567.7425537109375,369.70697021484375,0.9785377979278564,691.3278198242188,678.5971069335938,0.11031568050384521,501.06719970703125,625.337158203125,0.9921287298202515,502.72021484375,625.4595947265625,0.023274578154087067,555.0227661132812,864.2547607421875,0.5899717211723328,967.795654296875,839.2339477539062,0.05445142462849617
44,875.732421875,402.856201171875,0.886249840259552,1267.4073486328125,395.9660339355469,0.8954485654830933,1048.0540771484375,455.56201171875,0.9948219060897827,1182.873291015625,452.47705078125,0.9994039535522461,1146.062744140625,522.1400756835938,0.9907348155975342,1188.9290771484375,456.3796691894531,0.004116400144994259,549.9822998046875,696.0814819335938,0.21708892285823822,1196.892333984375,441.97369384765625,0.013417594134807587,554.2372436523438,864.1229858398438,0.0321836918592453,969.12255859375,839.69775390625,0.006939577870070934,574.9550170898438,367.9608154296875,0.9777975082397461,373.3768615722656,869.7161865234375,0.9228153228759766,500.3728332519531,624.5574340820312,0.9866812229156494,502.33978271484375,624.4781494140625,0.019478583708405495,556.049560546875,863.4037475585938,0.7428598999977112,1184.5936279296875,466.79266357421875,0.017423683777451515
45,875.7142944335938,402.608642578125,0.8806102871894836,1267.154296875,395.7831115722656,0.9076335430145264,1048.139404296875,455.5830383300781,0.9946255087852478,1182.8824462890625,452.3932800292969,0.9994184970855713,1145.9552001953125,521.8448486328125,0.9902822971343994,1188.945068359375,456.39947509765625,0.004063292872160673,550.2275390625,695.6725463867188,0.21085046231746674,1196.967529296875,441.8780212402344,0.01364564336836338,553.9088134765625,863.7565307617188,0.027967726811766624,970.6509399414062,839.7666625976562,0.0058271680027246475,575.0980224609375,367.69317626953125,0.9781852960586548,373.74981689453125,868.97802734375,0.7168256044387817,500.2275390625,623.9216918945312,0.9836783409118652,502.25750732421875,623.9784545898438,0.021228216588497162,555.7860717773438,862.98583984375,0.6933658123016357,1184.5728759765625,466.74481201171875,0.01702001877129078
46,875.861083984375,386.3033447265625,0.19072705507278442,1264.8837890625,378.4142150878906,0.6572669148445129,1049.7890625,438.6864318847656,0.9960208535194397,1186.9508056640625,437.36273193359375,0.9973489046096802,1150.063720703125,512.2010498046875,0.9859084486961365,1191.7735595703125,442.50897216796875,0.004220106173306704,550.2080078125,695.4255981445312,0.19685854017734528,550.939697265625,697.7279052734375,0.005370949860662222,556.2818603515625,862.950439453125,0.032546356320381165,970.6375122070312,838.6228637695312,0.010935254395008087,572.89208984375,367.2285461425781,0.941806435585022,557.6565551757812,863.6898193359375,0.2074892520904541,500.5421142578125,623.1763916015625,0.985400378704071,502.5403747558594,623.4357299804688,0.02438690885901451,558.4083251953125,862.9629516601562,0.7516135573387146,1190.5018310546875,447.7898864746094,0.012931053526699543
47,875.9769287109375,386.3324279785156,0.19630654156208038,1264.9556884765625,378.3572082519531,0.6503275036811829,1049.7869873046875,438.76507568359375,0.9960078001022339,1186.9412841796875,437.3500061035156,0.9972555041313171,1150.0662841796875,512.1113891601562,0.9852440357208252,1191.755859375,442.4708251953125,0.004262057598680258,930.6450805664062,666.5075073242188,0.22576197981834412,688.3182373046875,680.1582641601562,0.006767955143004656,556.1786499023438,862.8788452148438,0.0332731269299984,970.3975219726562,838.8235473632812,0.01781778782606125,573.014892578125,366.9533996582031,0.9491770267486572,557.5115966796875,863.6090698242188,0.20525673031806946,500.5534362792969,622.5864868164062,0.9865232110023499,502.5135803222656,622.4334716796875,0.027621330693364143,558.267578125,862.9221801757812,0.7542905807495117,968.81787109375,839.5870971679688,0.018833795562386513
48,869.6010131835938,362.1428527832031,0.9872681498527527,1253.808837890625,361.3657531738281,0.9498918652534485,1046.49853515625,426.60699462890625,0.9960910677909851,1184.6158447265625,428.7552795410156,0.9956861734390259,1147.784423828125,501.9046936035156,0.978264570236206,1190.0372314453125,429.27069091796875,0.002458109986037016,928.4568481445312,668.8237915039062,0.6047483086585999,687.3370361328125,680.0948486328125,0.007566417101770639,553.6035766601562,865.1065673828125,0.03503968566656113,970.6353759765625,835.8945922851562,0.024256575852632523,568.0599975585938,367.4123840332031,0.9193711280822754,690.9375610351562,678.3221435546875,0.11663921177387238,499.53424072265625,623.7610473632812,0.9955710768699646,500.9913024902344,624.4541625976562,0.018820442259311676,555.544189453125,864.8704833984375,0.790239691734314,969.9804077148438,836.4028930664062,0.04025055095553398
49,869.731201171875,362.5232849121094,0.9889435768127441,1253.791748046875,361.4034729003906,0.9505793452262878,1046.5389404296875,426.6094970703125,0.9958121180534363,1184.604248046875,428.7176513671875,0.9957947731018066,1147.630126953125,502.1611328125,0.9780193567276001,1190.0408935546875,429.2662048339844,0.0025322840083390474,928.54833984375,668.4805908203125,0.5670608282089233,687.0173950195312,679.8516235351562,0.008568876422941685,553.5787963867188,865.0806884765625,0.03261789306998253,970.5444946289062,835.4404296875,0.018275925889611244,568.1613159179688,366.6908264160156,0.9024563431739807,690.5779418945312,678.2975463867188,0.11768487840890884,499.5382080078125,623.8189697265625,0.9954206347465515,500.94085693359375,624.4953002929688,0.01811946928501129,555.5151977539062,864.9430541992188,0.7748231291770935,969.8782958984375,835.7504272460938,0.03504431992769241
50,873.6983642578125,349.23382568359375,0.9826384782791138,1248.434814453125,351.0543212890625,0.9363933801651001,1050.427734375,416.3764343261719,0.9813696146011353,1186.9337158203125,420.62896728515625,0.9937474727630615,1153.5916748046875,493.9122009277344,0.9882986545562744,1191.27734375,426.32427978515625,0.004361317493021488,546.4063110351562,699.3876953125,0.19642090797424316,687.297119140625,680.6132202148438,0.02161526307463646,968.200927734375,837.3162841796875,0.046915311366319656,969.6168823242188,836.5739135742188,0.030196715146303177,568.439208984375,366.0188903808594,0.7777658700942993,689.8478393554688,679.3798217773438,0.22899273037910461,499.9873962402344,623.5753784179688,0.9946961402893066,1242.6610107421875,442.0179138183594,0.024245547130703926,558.51025390625,863.4923095703125,0.7462931275367737,969.0755615234375,836.85302734375,0.06233707815408707
51,873.7166137695312,349.10546875,0.9831624031066895,1248.178955078125,351.20489501953125,0.9404363036155701,1050.32568359375,416.4674377441406,0.9818148016929626,1186.9920654296875,420.6038818359375,0.9940410256385803,1153.574951171875,493.6443176269531,0.9912464022636414,1191.3651123046875,426.3168029785156,0.004616326652467251,546.3445434570312,699.4030151367188,0.18799982964992523,687.260498046875,680.6179809570312,0.017927659675478935,968.1331787109375,837.6376342773438,0.04329743608832359,969.518310546875,836.9105834960938,0.02767699398100376,568.189208984375,366.44805908203125,0.8098199963569641,481.3622741699219,882.0192260742188,0.30541902780532837,499.98468017578125,623.3551635742188,0.9948228597640991,1243.763916015625,441.5455627441406,0.023645572364330292,558.466552734375,864.4617309570312,0.7669861316680908,968.9554443359375,837.1239013671875,0.05839196965098381
52,876.85791015625,341.14111328125,0.9894961714744568,1248.7857666015625,344.57586669921875,0.9884160757064819,1048.3201904296875,414.92974853515625,0.9916178584098816,1184.7021484375,418.19854736328125,0.9955064058303833,1147.7470703125,495.00244140625,0.9857460260391235,1188.6641845703125,425.1885986328125,0.00164524104911834,927.9779052734375,656.6643676757812,0.07152992486953735,687.43603515625,680.4979858398438,0.03541998565196991,970.3267211914062,836.2090454101562,0.04797831177711487,972.1951904296875,834.7776489257812,0.03094167448580265,561.0878295898438,369.6717224121094,0.9751630425453186,689.57763671875,678.381591796875,0.24685584008693695,497.90240478515625,623.7130737304688,0.9943655729293823,693.7760620117188,680.9561767578125,0.03988298401236534,556.9609375,864.4988403320312,0.7788960337638855,970.2501831054688,836.0469970703125,0.03891369700431824
53,876.9083251953125,341.2268371582031,0.9897153973579407,1248.656982421875,344.5620422363281,0.9887734055519104,1048.4034423828125,414.7788391113281,0.9915538430213928,1184.755615234375,418.1566162109375,0.9949277639389038,1147.7158203125,494.5224609375,0.9865078926086426,1188.6876220703125,425.1014099121094,0.001572293695062399,543.8810424804688,699.5498046875,0.07622657716274261,687.4631958007812,680.5973510742188,0.03437470272183418,970.360595703125,835.8148193359375,0.04226019233465195,972.2205200195312,834.4197998046875,0.026675116270780563,560.9926147460938,369.7030029296875,0.9761693477630615,689.7109375,678.6044311523438,0.2804943323135376,498.0483093261719,623.2655029296875,0.9928632378578186,694.6099243164062,682.077880859375,0.0402507521212101,556.81494140625,864.547119140625,0.7539314031600952,970.1611328125,835.4497680664062,0.0371350422501564
54,881.5364379882812,341.2915344238281,0.9947530031204224,1248.952392578125,342.3031921386719,0.9917356371879578,1048.750244140625,414.8853759765625,0.9900622367858887,1183.892822265625,416.9420471191406,0.9941948056221008,1146.5242919921875,493.775390625,0.981080949306488,1188.1033935546875,424.1432800292969,0.0016419792082160711,543.8104858398438,699.679443359375,0.07695836573839188,687.1397094726562,680.4434814453125,0.028027337044477463,968.55517578125,836.3026123046875,0.0651826560497284,969.2313232421875,836.2673950195312,0.049770597368478775,562.995361328125,369.0899963378906,0.977918803691864,689.4623413085938,678.384765625,0.31636640429496765,498.1383361816406,622.4183959960938,0.9911002516746521,694.425048828125,681.7954711914062,0.04932345822453499,557.6778564453125,864.6217651367188,0.7979722023010254,968.7877807617188,835.9404296875,0.08959504961967468
55,881.5435180664062,340.95513916015625,0.9954349398612976,1249.1026611328125,342.1000061035156,0.9914525747299194,1048.6749267578125,414.72125244140625,0.9903079867362976,1183.9473876953125,416.9539489746094,0.9936370849609375,1146.29443359375,493.5767517089844,0.9853869676589966,1187.921630859375,424.26849365234375,0.0016064575174823403,543.8989868164062,699.6032104492188,0.09463857114315033,686.7010498046875,680.205810546875,0.030216611921787262,969.845458984375,836.8680419921875,0.07221916317939758,971.5869140625,835.43603515625,0.05066484585404396,562.9383544921875,369.14056396484375,0.9778624773025513,688.8579711914062,678.0164794921875,0.32268261909484863,498.1426696777344,622.2901000976562,0.9905266761779785,693.5082397460938,680.8732299804688,0.05756046995520592,557.7402954101562,864.0480346679688,0.781256914138794,969.8272705078125,836.57470703125,0.07087188214063644
56,885.9456176757812,334.77044677734375,0.9955874681472778,1249.6927490234375,334.5287170410156,0.981408953666687,1048.2308349609375,414.23101806640625,0.9954788684844971,1184.6246337890625,416.58331298828125,0.9937361478805542,1146.2518310546875,493.635498046875,0.9867716431617737,1188.5042724609375,423.92852783203125,0.002357081277295947,543.865478515625,699.52734375,0.10109087079763412,1028.883544921875,584.0121459960938,0.03808395564556122,971.3031616210938,836.5802001953125,0.054149046540260315,972.8860473632812,835.3407592773438,0.03763127699494362,562.0086059570312,370.06451416015625,0.9480579495429993,691.2449340820312,677.8075561523438,0.2664579451084137,497.8453674316406,623.2567749023438,0.9916754961013794,694.06494140625,681.3593139648438,0.03304582089185715,556.9126586914062,864.6455078125,0.706462025642395,971.8052368164062,837.2955932617188,0.0358380526304245
57,885.9703979492188,334.8127746582031,0.9958171248435974,1249.7010498046875,334.16241455078125,0.9792563915252686,1048.192138671875,414.172607421875,0.9950674772262573,1184.61083984375,416.5557556152344,0.9936781525611877,1146.3341064453125,494.02655029296875,0.9885517358779907,1188.516845703125,423.8261413574219,0.0023841860238462687,544.3206787109375,699.39306640625,0.10390810668468475,1029.394775390625,579.340576171875,0.05495276302099228,971.1866455078125,836.7608032226562,0.05120815709233284,972.7539672851562,835.5728759765625,0.034192927181720734,563.4306640625,370.0699768066406,0.9024466276168823,557.3114624023438,862.1790771484375,0.26845720410346985,498.15765380859375,625.021484375,0.992302656173706,694.7930908203125,682.0484008789062,0.03384663909673691,557.85107421875,862.0858764648438,0.542513370513916,970.7369995117188,836.2369384765625,0.03411779925227165
58,889.8284912109375,330.9173889160156,0.9906615614891052,1249.793701171875,330.4958190917969,0.9946743249893188,1048.7369384765625,413.5865783691406,0.9931077361106873,1186.009521484375,416.95819091796875,0.9916785955429077,1147.9002685546875,494.0149841308594,0.9902104139328003,1190.054931640625,424.4508361816406,0.002867288189008832,545.0922241210938,699.5567626953125,0.0505613274872303,1028.764404296875,579.9886474609375,0.08088873326778412,972.6419067382812,837.581787109375,0.06792905181646347,974.2189331054688,836.47509765625,0.03708162158727646,564.1483764648438,369.49969482421875,0.6091567873954773,557.4844360351562,861.4837036132812,0.3681781589984894,498.6637878417969,624.3212280273438,0.9927749633789062,695.7867431640625,681.825439453125,0.038698695600032806,558.07421875,861.2117919921875,0.5333054065704346,975.015380859375,837.377197265625,0.04127785563468933
59,889.5144653320312,331.9970703125,0.9921398758888245,1249.5616455078125,330.36199951171875,0.9948641657829285,1048.7662353515625,413.5559997558594,0.9927749633789062,1186.01953125,416.8824462890625,0.9919356107711792,1147.7445068359375,494.2903137207031,0.9886720180511475,1190.0487060546875,424.4609375,0.002807225799188018,545.3390502929688,699.327880859375,0.04398517310619354,1028.719970703125,579.8707885742188,0.07352045178413391,972.4991455078125,837.4164428710938,0.06902478635311127,974.1492309570312,836.2928466796875,0.036961376667022705,561.9922485351562,369.49920654296875,0.8027445077896118,557.4613037109375,861.6207275390625,0.3125781714916229,498.5115661621094,624.461669921875,0.9925251007080078,695.6514892578125,681.6152954101562,0.03853357583284378,557.9949951171875,861.382080078125,0.5134173035621643,974.8182373046875,837.2877807617188,0.04029032588005066
60,890.7490234375,330.8165283203125,0.9872501492500305,1249.677734375,330.008544921875,0.9955499172210693,1048.6373291015625,414.1670227050781,0.9942101240158081,1184.8504638671875,416.3241882324219,0.9892070293426514,1147.37060546875,492.98138427734375,0.9909186363220215,1188.5885009765625,424.06634521484375,0.0023520062677562237,544.7223510742188,698.02001953125,0.04092930257320404,1021.8081665039062,584.625244140625,0.10435113310813904,972.6962280273438,836.824462890625,0.047427184879779816,974.202880859375,836.9442138671875,0.032363031059503555,562.3162231445312,368.8861389160156,0.9224101305007935,691.7127685546875,678.1168823242188,0.3619807958602905,497.78076171875,624.8026733398438,0.9927754402160645,694.2742919921875,680.8209228515625,0.054582737386226654,557.7882690429688,861.4012451171875,0.5054206252098083,976.0809936523438,836.5195922851562,0.04230119287967682
61,890.7588500976562,330.6452941894531,0.9864507913589478,1249.729736328125,329.84783935546875,0.9954127669334412,1048.6055908203125,414.0291442871094,0.9943603873252869,1184.836669921875,416.2335205078125,0.9879999756813049,1147.782470703125,492.7433776855469,0.9907850027084351,1188.539794921875,423.9435729980469,0.002204167889431119,544.5923461914062,698.1697387695312,0.0600363127887249,1021.2808837890625,584.8829345703125,0.09486787766218185,972.1354370117188,836.9634399414062,0.055054474622011185,973.820068359375,835.8509521484375,0.03612824156880379,562.5465087890625,369.02880859375,0.9318574666976929,691.8294067382812,677.4266967773438,0.2957383692264557,497.6551513671875,624.9003295898438,0.9924875497817993,693.7028198242188,682.0852661132812,0.0548136904835701,557.85888671875,861.6181640625,0.5588880777359009,975.394287109375,836.6254272460938,0.03794493526220322
62,894.302490234375,329.8183898925781,0.9887679219245911,1252.046875,329.40472412109375,0.9899594187736511,1049.08837890625,413.8088684082031,0.9933291673660278,1186.5028076171875,416.81695556640625,0.9904459714889526,1146.4503173828125,493.5606994628906,0.991644561290741,1190.6712646484375,424.106689453125,0.0019773487001657486,544.8375244140625,698.3709716796875,0.0577554851770401,1025.234375,581.0259399414062,0.17259502410888672,969.728515625,837.2840576171875,0.071102574467659,970.247314453125,837.5089111328125,0.04378151893615723,571.7145385742188,368.1343994140625,0.9570671916007996,1026.383544921875,573.525390625,0.6507266163825989,497.69940185546875,625.742919921875,0.9943792223930359,694.5046997070312,680.9778442382812,0.04050981253385544,557.8590698242188,861.554443359375,0.6341052651405334,969.9686279296875,836.9718627929688,0.06500197947025299
63,894.2461547851562,329.8602294921875,0.9889183640480042,1251.919921875,329.3951110839844,0.9897394776344299,1049.05322265625,413.791748046875,0.9934589266777039,1186.4620361328125,416.81964111328125,0.9908664226531982,1146.274169921875,493.7434387207031,0.987767219543457,1190.6468505859375,424.19122314453125,0.002051179762929678,544.4751586914062,698.5403442382812,0.05340610444545746,1025.5301513671875,580.9855346679688,0.13719190657138824,969.9854736328125,837.1910400390625,0.057192545384168625,971.7256469726562,835.9374389648438,0.03348091244697571,572.165771484375,368.1365966796875,0.9622389674186707,1026.599365234375,573.372314453125,0.597416341304779,497.5545349121094,625.9649047851562,0.9954819679260254,694.1487426757812,680.87109375,0.04941955581307411,557.4389038085938,862.28759765625,0.692988395690918,970.0551147460938,836.8161010742188,0.05012839660048485
64,892.7540893554688,325.964599609375,0.991418719291687,1254.839599609375,332.70391845703125,0.9558954834938049,1043.827880859375,422.779052734375,0.9969385862350464,1184.8939208984375,425.8970642089844,0.9816778302192688,1141.559814453125,496.4871520996094,0.9975014328956604,1189.94482421875,427.9039611816406,0.0028053123969584703,920.1953735351562,651.3900756835938,0.2681683599948883,1025.3447265625,580.568359375,0.107839435338974,972.7288818359375,839.7196044921875,0.05765595659613609,974.2683715820312,838.6781616210938,0.03069310449063778,559.1307373046875,369.1172180175781,0.9633520841598511,1025.593994140625,571.7091064453125,0.5994438529014587,496.76190185546875,623.2595825195312,0.9931676983833313,1242.5450439453125,451.7757873535156,0.0599789097905159,556.32080078125,863.9952392578125,0.6107703447341919,977.4240112304688,838.6329345703125,0.04745819419622421
65,892.8653564453125,326.0611877441406,0.9915737509727478,1254.397705078125,332.5842590332031,0.9435466527938843,1043.8779296875,422.7498779296875,0.9968720078468323,1184.8367919921875,425.8991394042969,0.9803351163864136,1141.4404296875,496.79486083984375,0.9977836012840271,1189.8555908203125,427.8905944824219,0.0027860752306878567,920.4913330078125,651.3746948242188,0.170969620347023,1025.9119873046875,580.1182250976562,0.11377651989459991,972.3916625976562,839.51513671875,0.0562308169901371,973.9329223632812,838.4508056640625,0.030088916420936584,559.0223999023438,369.0534362792969,0.9649633765220642,1026.11279296875,571.611328125,0.7347151637077332,496.98052978515625,624.3795776367188,0.9942463040351868,1242.5809326171875,451.77130126953125,0.05889424681663513,556.56005859375,863.8964233398438,0.6320236921310425,977.2684936523438,838.3480224609375,0.04845191910862923
66,894.9675903320312,325.02679443359375,0.9897128343582153,1261.11865234375,339.6444396972656,0.9534597992897034,1038.8607177734375,428.38153076171875,0.9934083223342896,1188.0599365234375,440.3224182128906,0.92530757188797,1140.787109375,499.32037353515625,0.9980536699295044,1192.470947265625,442.9399719238281,0.0014956722734495997,544.6781616210938,699.1522827148438,0.10028309375047684,1026.116943359375,578.9232788085938,0.1803382933139801,969.2572021484375,841.131591796875,0.08974936604499817,970.8316650390625,839.7734375,0.05587604641914368,549.2535400390625,371.6039733886719,0.7867633700370789,1026.4871826171875,572.0445556640625,0.9300330281257629,496.9657287597656,624.2499389648438,0.9920010566711426,693.0699462890625,682.4158325195312,0.03803088888525963,556.5658569335938,864.1522216796875,0.6692460775375366,968.9694213867188,840.9170532226562,0.046757135540246964
67,895.4296875,324.48681640625,0.988486647605896,1261.0716552734375,339.7768859863281,0.9476403594017029,1038.8465576171875,428.4009704589844,0.9931622743606567,1188.010498046875,440.3404846191406,0.9232396483421326,1140.8157958984375,499.4177551269531,0.9980018734931946,1192.427978515625,442.9908447265625,0.0015187655808404088,544.5645751953125,699.3132934570312,0.11656558513641357,1026.16650390625,578.7069091796875,0.13927455246448517,969.4163208007812,840.959228515625,0.06681644171476364,970.9356689453125,839.6928100585938,0.04414401948451996,551.176513671875,371.9346618652344,0.8656518459320068,1026.431396484375,571.80517578125,0.918542206287384,496.99365234375,625.1455688476562,0.9944750666618347,693.4925537109375,681.4601440429688,0.04035307094454765,556.20361328125,863.9703979492188,0.6283940672874451,968.1295776367188,840.6381225585938,0.03618580475449562
68,896.2301635742188,318.4183044433594,0.990075409412384,1262.7921142578125,354.15057373046875,0.9614441394805908,1191.7056884765625,446.7167663574219,0.606572151184082,1190.0740966796875,447.48602294921875,0.8287380337715149,1135.656494140625,498.1165466308594,0.999024510383606,1136.06640625,508.58441162109375,0.001381317968480289,545.1264038085938,698.1593627929688,0.056462015956640244,1022.5560302734375,585.5521850585938,0.04365186765789986,969.4612426757812,839.7760009765625,0.03282621502876282,970.92529296875,838.8181762695312,0.024915508925914764,555.5360107421875,370.9558410644531,0.8856268525123596,1024.5247802734375,579.8394165039062,0.19147689640522003,495.99188232421875,624.1709594726562,0.9925852417945862,693.5414428710938,682.1204223632812,0.021149219945073128,556.0631103515625,864.2376708984375,0.5711437463760376,969.5914306640625,839.2418823242188,0.028472110629081726
69,896.29931640625,319.5851745605469,0.991030216217041,1262.8199462890625,354.0813293457031,0.9598824977874756,1191.6536865234375,446.6730651855469,0.6108709573745728,1190.0455322265625,447.4350280761719,0.8400673270225525,1135.7244873046875,498.1556396484375,0.9990359544754028,1136.1002197265625,508.60723876953125,0.0013943624217063189,544.98876953125,697.9635009765625,0.06269213557243347,1022.594482421875,585.6111450195312,0.043299600481987,968.7680053710938,840.49609375,0.038937047123909,970.1331787109375,839.537841796875,0.03204285725951195,554.53466796875,371.1241149902344,0.9179304242134094,1024.6168212890625,579.8897705078125,0.19653771817684174,496.122802734375,621.6558227539062,0.9887412190437317,693.3488159179688,681.9634399414062,0.022862209007143974,556.2151489257812,863.81787109375,0.5569633841514587,969.0001220703125,840.1936645507812,0.03464265540242195
70,904.6517333984375,312.1064453125,0.9909154772758484,1263.1163330078125,375.4562072753906,0.9938389658927917,1023.7440795898438,460.2192077636719,0.9780603051185608,1190.4212646484375,480.75299072265625,0.9325752854347229,1121.50146484375,519.7221069335938,0.9987749457359314,967.6072998046875,602.157470703125,0.008912116289138794,542.8978881835938,700.8965454101562,0.07530166208744049,686.682861328125,679.2662353515625,0.0110912024974823,967.7191772460938,840.746337890625,0.15095485746860504,969.2213134765625,839.35009765625,0.10950246453285217,557.7875366210938,372.6797790527344,0.977483868598938,1365.904052734375,366.3458251953125,0.18176361918449402,493.06036376953125,624.9072265625,0.9908203482627869,496.093994140625,625.6271362304688,0.02006772719323635,555.8428955078125,863.6231079101562,0.5791773200035095,967.8931274414062,840.9664306640625,0.11928229033946991
71,904.630615234375,312.1452941894531,0.9909926652908325,1263.0933837890625,375.4829406738281,0.9933617115020752,1023.7232055664062,460.21990966796875,0.9780111312866211,1190.47021484375,480.76129150390625,0.9333401918411255,1121.5330810546875,519.65576171875,0.998757004737854,967.4776611328125,602.0800170898438,0.009121360257267952,542.2848510742188,701.3759155273438,0.07169432938098907,686.4876708984375,679.4647216796875,0.008907727897167206,965.3441772460938,840.2940673828125,0.15737153589725494,968.2988891601562,839.0233764648438,0.1092366948723793,557.575927734375,372.02655029296875,0.9710962176322937,443.6971130371094,799.6278686523438,0.1629398912191391,492.801513671875,625.9039916992188,0.9861125349998474,495.47320556640625,626.4938354492188,0.025401484221220016,555.6864624023438,863.3016967773438,0.5166905522346497,967.2478637695312,840.6829833984375,0.1408606916666031
72,913.3364868164062,311.2468566894531,0.9145548343658447,1262.665771484375,392.4383850097656,0.9933486580848694,1018.62939453125,468.97418212890625,0.9856562614440918,1175.3372802734375,508.8920593261719,0.960909366607666,1103.0389404296875,542.2901611328125,0.9973024129867554,964.0009765625,605.1362915039062,0.0022163158282637596,542.1202392578125,702.1505126953125,0.05496606603264809,1002.2505493164062,645.3762817382812,0.1917068362236023,965.54833984375,842.4063110351562,0.09543736279010773,968.9810180664062,841.052490234375,0.05516837164759636,553.4786376953125,374.2368469238281,0.9666205048561096,1002.3093872070312,642.2059936523438,0.6831907629966736,490.3914794921875,629.4904174804688,0.9764476418495178,493.1121520996094,628.541748046875,0.037843041121959686,555.71533203125,863.45263671875,0.5158089995384216,967.44140625,842.1340942382812,0.06738768517971039
73,913.0626220703125,311.36004638671875,0.9219090342521667,1262.6766357421875,392.368896484375,0.9927142262458801,1018.634765625,468.98626708984375,0.9861542582511902,1175.4700927734375,509.01849365234375,0.9589850902557373,1103.0130615234375,542.3397827148438,0.9973317384719849,963.1614379882812,609.2246704101562,0.0019431074615567923,541.7528076171875,702.7073364257812,0.04394496977329254,1002.11572265625,645.7406616210938,0.1717933714389801,964.9692993164062,842.3286743164062,0.10436737537384033,968.2135620117188,840.9988403320312,0.0599193274974823,552.0075073242188,374.3946533203125,0.9575054049491882,1002.0132446289062,642.7211303710938,0.6041269302368164,490.3470458984375,628.9866943359375,0.9762465953826904,493.054931640625,628.1609497070312,0.03414970636367798,555.8014526367188,863.1239624023438,0.5138877630233765,966.87841796875,842.2781372070312,0.07719516009092331
74,917.7350463867188,305.9654846191406,0.9695031046867371,1264.51708984375,393.0121154785156,0.9969803690910339,1023.7034301757812,464.2460632324219,0.9847837090492249,1167.06640625,501.4335632324219,0.6933770179748535,1092.371826171875,551.581787109375,0.9982059001922607,963.3283081054688,603.3665161132812,0.004557115025818348,915.9403076171875,656.162109375,0.09556995332241058,1001.5094604492188,649.7814331054688,0.03189479187130928,968.678466796875,843.4669189453125,0.12875737249851227,969.953857421875,842.399658203125,0.09142272919416428,546.74267578125,374.3916320800781,0.9563221335411072,1001.4161987304688,645.8748168945312,0.1909705549478531,491.5249938964844,626.4656982421875,0.9914728403091431,494.6849060058594,625.8505859375,0.0212074127048254,556.0242919921875,863.277587890625,0.5764868259429932,967.5846557617188,843.3969116210938,0.08953878283500671
75,917.5814208984375,306.2458190917969,0.9765005111694336,1264.3924560546875,393.0262145996094,0.9969244599342346,1023.7686767578125,464.2838439941406,0.9848529100418091,1167.102294921875,501.4980163574219,0.6941720247268677,1092.3909912109375,551.557861328125,0.9982137680053711,963.922119140625,603.1808471679688,0.005272377748042345,916.3071899414062,656.5143432617188,0.12117421627044678,1001.1748657226562,649.6109619140625,0.026934029534459114,966.2011108398438,843.8013916015625,0.14195516705513,969.842041015625,842.3760375976562,0.09304561465978622,546.8193359375,374.47906494140625,0.9593315720558167,690.9910888671875,675.6447143554688,0.20483064651489258,491.3266906738281,627.2723999023438,0.9905425906181335,494.3614196777344,626.4719848632812,0.02574249915778637,555.7861938476562,863.2830810546875,0.5073469281196594,967.389892578125,843.3365478515625,0.09586519747972488
76,920.9761352539062,304.12835693359375,0.9802922606468201,1266.611083984375,395.9726257324219,0.9976959824562073,1019.7562866210938,468.5881652832031,0.9909448623657227,1165.2314453125,504.091552734375,0.8885601162910461,1084.32861328125,558.1835327148438,0.9977009892463684,1170.64111328125,505.9559020996094,0.0021453541703522205,915.5028686523438,656.120849609375,0.0382012277841568,686.4560546875,678.6129760742188,0.01665441505610943,967.5555419921875,844.0104370117188,0.25912532210350037,969.0046997070312,842.6673583984375,0.16128836572170258,550.3678588867188,374.0898132324219,0.9090798497200012,690.945556640625,676.2935180664062,0.265269935131073,491.27545166015625,627.7460327148438,0.990807831287384,494.3146057128906,626.8670043945312,0.026810428127646446,557.0895385742188,863.2249755859375,0.6517512798309326,968.0620727539062,843.8538818359375,0.13452942669391632
77,921.0257568359375,304.02838134765625,0.9791065454483032,1266.639404296875,395.964599609375,0.9977476000785828,1019.7777709960938,468.703857421875,0.990864098072052,1165.2125244140625,504.1094970703125,0.890299916267395,1084.181640625,558.3153686523438,0.9977039694786072,960.9033203125,604.8540649414062,0.00242968974635005,916.0590209960938,655.0377197265625,0.042206984013319016,686.5029296875,678.763916015625,0.01830197125673294,967.0042724609375,843.38818359375,0.3084520697593689,968.4024658203125,841.9721069335938,0.20658762753009796,551.803466796875,374.0201721191406,0.8854993581771851,691.0415649414062,676.533203125,0.3461029529571533,491.3388671875,627.7929077148438,0.9901027679443359,494.29705810546875,626.8567504882812,0.029035931453108788,557.9066162109375,862.260009765625,0.5604346990585327,967.6812133789062,843.3887939453125,0.17670811712741852
78,923.530029296875,303.5730285644531,0.8952430486679077,1268.1705322265625,397.8070373535156,0.9970415234565735,1017.7814331054688,468.4794616699219,0.9846407175064087,1163.3365478515625,505.83544921875,0.9430528879165649,1081.15087890625,565.0570068359375,0.9984619617462158,1169.925048828125,507.53118896484375,0.0011864783009514213,542.7232666015625,698.9651489257812,0.023671351373195648,1001.3356323242188,648.6965942382812,0.021019088104367256,968.0375366210938,844.194580078125,0.1772124171257019,969.2924194335938,843.0021362304688,0.14372316002845764,551.6973266601562,375.57794189453125,0.9499996304512024,691.3492431640625,676.417724609375,0.3086000382900238,492.4674987792969,625.8722534179688,0.9914020895957947,694.0138549804688,679.667724609375,0.027046337723731995,557.9019165039062,861.1596069335938,0.5018966794013977,968.541748046875,843.6253662109375,0.10678611695766449
79,923.3960571289062,303.461181640625,0.9186662435531616,1268.4383544921875,397.7977600097656,0.9969393014907837,1017.6209716796875,468.40789794921875,0.9846380352973938,1163.369384765625,505.94122314453125,0.943851113319397,1081.097412109375,564.9802856445312,0.9985169768333435,1169.950439453125,507.5491638183594,0.001230400986969471,542.2952880859375,698.8080444335938,0.02003835141658783,1001.1838989257812,648.2282104492188,0.03245365247130394,967.8148193359375,843.8671264648438,0.1786849945783615,969.073486328125,842.671630859375,0.14025482535362244,554.0195922851562,376.0096130371094,0.964701235294342,691.491943359375,676.3856811523438,0.323670893907547,492.3243103027344,626.8833618164062,0.9911783337593079,694.1952514648438,679.607177734375,0.02725488319993019,557.9033203125,861.5034790039062,0.5889926552772522,968.6920776367188,843.4891967773438,0.11847510188817978
80,923.3744506835938,303.8636779785156,0.8830498456954956,1270.877685546875,399.46966552734375,0.9959140419960022,1014.3217163085938,469.5030517578125,0.991536021232605,1160.5732421875,507.7264404296875,0.9184285998344421,1079.8892822265625,566.5119018554688,0.998504638671875,1164.401611328125,506.5475769042969,0.0011406004196032882,542.3671875,698.0784301757812,0.022701838985085487,686.7521362304688,680.4248046875,0.019944138824939728,967.898681640625,844.5654907226562,0.1716490238904953,969.12353515625,843.5032348632812,0.13579332828521729,545.8279418945312,377.7093200683594,0.9615430235862732,690.5228271484375,677.7633666992188,0.3064194619655609,491.9187316894531,628.3563232421875,0.9886935353279114,494.8266296386719,627.3585815429688,0.03309358283877373,558.0880737304688,859.300537109375,0.5042864680290222,968.434814453125,844.4432373046875,0.13568608462810516
81,923.361572265625,303.89886474609375,0.8892892599105835,1270.916748046875,399.4715576171875,0.9960862398147583,1014.3670043945312,469.4712829589844,0.9920727610588074,1160.549560546875,507.88726806640625,0.9233927726745605,1079.8673095703125,566.5485229492188,0.9985822439193726,1164.3892822265625,506.5855407714844,0.0011605059262365103,542.4424438476562,697.564697265625,0.013327378779649734,686.1406860351562,680.3247680664062,0.02130449377000332,967.9926147460938,844.5794677734375,0.17256228625774384,969.2164916992188,843.505615234375,0.14517922699451447,546.429931640625,377.397705078125,0.9603067636489868,689.9067993164062,677.7579345703125,0.33483168482780457,491.64312744140625,626.9874877929688,0.9905651807785034,693.10546875,681.2145385742188,0.030443713068962097,558.0203857421875,858.7620239257812,0.49503710865974426,968.48779296875,844.4454956054688,0.13168197870254517
82,922.2970581054688,301.8980712890625,0.9338535070419312,1268.5926513671875,398.83990478515625,0.9962079524993896,1010.6345825195312,470.5231018066406,0.9959503412246704,1158.0965576171875,505.0688171386719,0.925379753112793,1078.32275390625,567.1793823242188,0.998239278793335,1162.3800048828125,506.5419616699219,0.002962220460176468,542.7308959960938,696.8560180664062,0.013870964758098125,685.2417602539062,679.5420532226562,0.02667384035885334,966.3280029296875,843.9178466796875,0.3149637281894684,968.0332641601562,842.8948364257812,0.24298961460590363,548.1409301757812,374.7767639160156,0.9426212310791016,689.3743286132812,676.87109375,0.31765782833099365,490.53472900390625,626.951171875,0.9875895977020264,692.1865234375,680.4659423828125,0.0314723402261734,556.381591796875,859.8011474609375,0.49067261815071106,967.9381713867188,843.8782958984375,0.21042749285697937
83,922.6253051757812,300.4269104003906,0.8522365093231201,1268.7003173828125,398.5981750488281,0.995876133441925,1010.6087036132812,470.6171875,0.9955397248268127,1158.0982666015625,506.0960998535156,0.9266743063926697,1077.93701171875,566.6532592773438,0.9986156225204468,1162.2816162109375,506.602294921875,0.002759836846962571,542.7330322265625,696.7381591796875,0.010770749300718307,685.297119140625,679.8889770507812,0.02673439495265484,966.4192504882812,844.0614624023438,0.31676915287971497,968.147705078125,843.0301513671875,0.2494591921567917,548.6712646484375,374.41632080078125,0.9427997469902039,689.4179077148438,677.3779907226562,0.2995620667934418,490.47039794921875,626.939453125,0.9840009212493896,692.2865600585938,680.82421875,0.03588905185461044,556.4226684570312,859.7720336914062,0.47129786014556885,968.0571899414062,843.9868774414062,0.20500901341438293
84,922.5183715820312,297.8753662109375,0.7028896808624268,1269.0264892578125,396.5143127441406,0.9972483515739441,1011.7855224609375,465.66510009765625,0.9913792610168457,1158.34423828125,502.8189392089844,0.9359068274497986,1077.975830078125,566.5533447265625,0.9991208910942078,1162.8214111328125,505.22784423828125,0.0024785767309367657,542.3992309570312,697.351318359375,0.018182262778282166,685.1296997070312,678.8984985351562,0.015404000878334045,966.0150756835938,840.0148315429688,0.35434165596961975,967.4048461914062,838.8123779296875,0.2002955824136734,546.9686279296875,371.73443603515625,0.9581623673439026,689.973876953125,676.6005859375,0.2529008090496063,492.6651306152344,624.787841796875,0.9928968548774719,692.6500854492188,680.126220703125,0.03315127640962601,557.4607543945312,859.2743530273438,0.6134446859359741,966.6588745117188,840.47900390625,0.2301979809999466
