scorer,DLC_effnet_b0_Simba ModifiedAug27shuffle0_150000,DLC_effnet_b0_Simba ModifiedAug27shuffle0_150000,DLC_effnet_b0_Simba ModifiedAug27shuffle0_150000,DLC_effnet_b0_Simba ModifiedAug27shuffle0_150000,DLC_effnet_b0_Simba ModifiedAug27shuffle0_150000,DLC_effnet_b0_Simba ModifiedAug27shuffle0_150000,DLC_effnet_b0_Simba ModifiedAug27shuffle0_150000,DLC_effnet_b0_Simba ModifiedAug27shuffle0_150000,DLC_effnet_b0_Simba ModifiedAug27shuffle0_150000,DLC_effnet_b0_Simba ModifiedAug27shuffle0_150000,DLC_effnet_b0_Simba ModifiedAug27shuffle0_150000,DLC_effnet_b0_Simba ModifiedAug27shuffle0_150000,DLC_effnet_b0_Simba ModifiedAug27shuffle0_150000,DLC_effnet_b0_Simba ModifiedAug27shuffle0_150000,DLC_effnet_b0_Simba ModifiedAug27shuffle0_150000,DLC_effnet_b0_Simba ModifiedAug27shuffle0_150000,DLC_effnet_b0_Simba ModifiedAug27shuffle0_150000,DLC_effnet_b0_Simba ModifiedAug27shuffle0_150000,DLC_effnet_b0_Simba ModifiedAug27shuffle0_150000,DLC_effnet_b0_Simba ModifiedAug27shuffle0_150000,DLC_effnet_b0_Simba ModifiedAug27shuffle0_150000,DLC_effnet_b0_Simba ModifiedAug27shuffle0_150000,DLC_effnet_b0_Simba ModifiedAug27shuffle0_150000,DLC_effnet_b0_Simba ModifiedAug27shuffle0_150000,DLC_effnet_b0_Simba ModifiedAug27shuffle0_150000,DLC_effnet_b0_Simba ModifiedAug27shuffle0_150000,DLC_effnet_b0_Simba ModifiedAug27shuffle0_150000,DLC_effnet_b0_Simba ModifiedAug27shuffle0_150000,DLC_effnet_b0_Simba ModifiedAug27shuffle0_150000,DLC_effnet_b0_Simba ModifiedAug27shuffle0_150000,DLC_effnet_b0_Simba ModifiedAug27shuffle0_150000,DLC_effnet_b0_Simba ModifiedAug27shuffle0_150000,DLC_effnet_b0_Simba ModifiedAug27shuffle0_150000,DLC_effnet_b0_Simba ModifiedAug27shuffle0_150000,DLC_effnet_b0_Simba ModifiedAug27shuffle0_150000,DLC_effnet_b0_Simba ModifiedAug27shuffle0_150000,DLC_effnet_b0_Simba ModifiedAug27shuffle0_150000,DLC_effnet_b0_Simba ModifiedAug27shuffle0_150000,DLC_effnet_b0_Simba ModifiedAug27shuffle0_150000,DLC_effnet_b0_Simba ModifiedAug27shuffle0_150000,DLC_effnet_b0_Simba ModifiedAug27shuffle0_150000,DLC_effnet_b0_Simba ModifiedAug27shuffle0_150000,DLC_effnet_b0_Simba ModifiedAug27shuffle0_150000,DLC_effnet_b0_Simba ModifiedAug27shuffle0_150000,DLC_effnet_b0_Simba ModifiedAug27shuffle0_150000,DLC_effnet_b0_Simba ModifiedAug27shuffle0_150000,DLC_effnet_b0_Simba ModifiedAug27shuffle0_150000,DLC_effnet_b0_Simba ModifiedAug27shuffle0_150000
bodyparts,earr,earr,earr,earl,earl,earl,eyer,eyer,eyer,eyel,eyel,eyel,nose,nose,nose,throat,throat,throat,elbowr,elbowr,elbowr,elbowl,elbowl,elbowl,handr,handr,handr,handl,handl,handl,tailbase,tailbase,tailbase,tailtip,tailtip,tailtip,kneer,kneer,kneer,kneel,kneel,kneel,ankler,ankler,ankler,anklel,anklel,anklel
coords,x,y,likelihood,x,y,likelihood,x,y,likelihood,x,y,likelihood,x,y,likelihood,x,y,likelihood,x,y,likelihood,x,y,likelihood,x,y,likelihood,x,y,likelihood,x,y,likelihood,x,y,likelihood,x,y,likelihood,x,y,likelihood,x,y,likelihood,x,y,likelihood
0,775.3240356445312,340.6248474121094,0.9999997615814209,1089.7564697265625,318.0399475097656,0.9999998807907104,926.73486328125,439.4377746582031,0.9999990463256836,1046.0535888671875,441.7007141113281,0.9999915361404419,1003.4650268554688,512.541259765625,0.9999998807907104,869.7571411132812,563.5930786132812,0.9999992847442627,724.6201782226562,642.830322265625,0.9999991655349731,654.6764526367188,718.0520629882812,0.0034349896013736725,772.9637451171875,794.8339233398438,0.999996542930603,921.2843017578125,756.3975219726562,0.9984896183013916,521.8164672851562,440.3529357910156,0.9999620914459229,297.747802734375,822.0020751953125,0.998475968837738,451.6284484863281,702.5706176757812,0.9999943971633911,653.4777221679688,720.845703125,0.9999959468841553,438.81500244140625,826.4612426757812,0.9999920129776001,780.3740234375,795.2299194335938,0.0005776610341854393
1,765.7991333007812,350.0321960449219,0.9999979734420776,1082.11181640625,324.72381591796875,1.0,922.0478515625,450.7857360839844,0.9999997615814209,1039.75048828125,449.6285400390625,0.9999995231628418,1002.2703247070312,522.2208251953125,0.9999996423721313,867.3576049804688,569.3319702148438,0.9999994039535522,713.1727905273438,643.630126953125,0.9999986886978149,860.5750122070312,641.8499145507812,0.9994407296180725,757.9970703125,796.556884765625,0.9999964237213135,942.7623901367188,754.6461791992188,0.9999957084655762,519.484375,437.7604675292969,0.9999970197677612,281.2459716796875,822.630615234375,0.9999592304229736,442.74224853515625,698.3187866210938,0.9999889135360718,640.168701171875,719.0655517578125,0.999996542930603,425.6680908203125,825.2030029296875,0.9999961853027344,856.6058959960938,638.2432861328125,0.0006449348875321448
2,764.35693359375,352.7087707519531,0.9999992847442627,1077.8968505859375,329.42620849609375,0.9999998807907104,921.8594970703125,459.3913269042969,0.9999972581863403,1036.6287841796875,455.68505859375,0.9999977350234985,1000.0064086914062,529.6862182617188,0.9999998807907104,870.1146850585938,577.5859375,0.9999997615814209,705.4631958007812,643.0945434570312,0.9999986886978149,862.6755981445312,639.2716674804688,0.9999767541885376,748.171142578125,796.0724487304688,0.9999957084655762,971.9598388671875,752.473388671875,0.9999970197677612,521.8611450195312,430.2724914550781,0.9999963045120239,264.6391296386719,821.9561767578125,0.9999855756759644,431.50042724609375,696.2354125976562,0.9999886751174927,630.5444946289062,715.7081298828125,0.9999994039535522,412.97149658203125,821.6204223632812,0.9999988079071045,973.6898803710938,757.5181884765625,0.0011456949869170785
3,763.9027099609375,358.2672119140625,0.9999985694885254,1078.185302734375,337.8375549316406,1.0,919.921630859375,468.9022216796875,0.9999996423721313,1037.33447265625,467.53985595703125,0.9999996423721313,998.84521484375,539.0697631835938,0.9999998807907104,869.1531982421875,579.723876953125,0.9999996423721313,696.7353515625,643.590576171875,0.9999982118606567,861.293212890625,642.7978515625,0.9999834299087524,736.4832153320312,796.254638671875,0.9999967813491821,1013.81494140625,741.5853881835938,0.9996883869171143,525.5343627929688,419.30401611328125,0.9999878406524658,245.5343780517578,819.664306640625,0.9999927282333374,418.80645751953125,694.5485229492188,0.9999984502792358,625.8803100585938,711.1557006835938,0.9999996423721313,400.03997802734375,819.6090698242188,0.9999984502792358,857.9698486328125,638.4771118164062,0.0014780196361243725
4,758.7493896484375,369.00189208984375,0.9999990463256836,1075.783447265625,345.4902648925781,0.9999998807907104,919.7742919921875,479.6353454589844,0.9999986886978149,1036.7774658203125,477.2206115722656,0.9999979734420776,999.7665405273438,549.4190673828125,0.9999998807907104,868.1294555664062,590.42431640625,0.9999984502792358,686.6447143554688,644.3483276367188,0.9999991655349731,866.8673095703125,641.82080078125,0.9827288389205933,723.2555541992188,795.055908203125,0.9999985694885254,876.841552734375,586.2850952148438,0.0008666607900522649,524.9783325195312,410.0747985839844,0.9953166246414185,229.05722045898438,817.7722778320312,0.9999908208847046,408.3589172363281,691.4107666015625,0.9999839067459106,625.8391723632812,713.974365234375,0.6684499382972717,385.4901123046875,817.7874755859375,0.9999991655349731,408.736572265625,692.8862915039062,0.0004554962506517768
5,758.6370849609375,370.38482666015625,0.9999996423721313,1081.3406982421875,337.2627868652344,0.9999998807907104,920.86572265625,472.998046875,0.9999969005584717,1043.29638671875,466.5846862792969,0.9999997615814209,1007.3514404296875,537.6188354492188,0.9999994039535522,867.4420776367188,581.1458129882812,0.9999996423721313,678.0758056640625,641.1866455078125,0.9999985694885254,869.8856811523438,638.81396484375,0.9975618124008179,709.7108764648438,791.9115600585938,0.9999948740005493,1041.54638671875,742.0878295898438,0.4230448603630066,516.5117797851562,405.5751037597656,0.9999839067459106,212.89389038085938,813.4427490234375,0.9995691180229187,395.4305419921875,685.3435668945312,0.9999730587005615,614.6256713867188,717.6770629882812,0.9927639365196228,377.2841491699219,805.68408203125,0.9999984502792358,395.8963317871094,687.0491333007812,0.0004958045901730657
6,759.7525024414062,371.6993103027344,0.9999995231628418,1089.360107421875,334.1033935546875,0.9999997615814209,926.2841186523438,470.1145324707031,0.9999997615814209,1049.237548828125,459.5970458984375,0.9999932050704956,1014.867431640625,534.2123413085938,0.9999998807907104,866.226806640625,573.266357421875,0.9999988079071045,669.52294921875,639.6239624023438,0.9999955892562866,766.1092529296875,370.0137023925781,0.00026237161364406347,698.5504760742188,789.1666259765625,0.9999964237213135,1042.494140625,753.4979858398438,0.9422947764396667,524.5161743164062,405.17864990234375,0.9999914169311523,229.2202911376953,806.05810546875,0.9729999303817749,384.61785888671875,683.3096313476562,0.9999868869781494,605.3325805664062,722.9342041015625,0.9985300302505493,369.33734130859375,799.267822265625,0.9999936819076538,383.7161560058594,685.1188354492188,0.00029616343090310693
7,762.43408203125,355.40252685546875,0.9999990463256836,1099.88232421875,332.8130187988281,0.9999995231628418,923.6646728515625,459.2057189941406,0.9999985694885254,1051.8284912109375,450.7294616699219,0.9999992847442627,1016.3443603515625,526.2368774414062,0.9999995231628418,864.0120239257812,568.9675903320312,0.9999840259552002,660.7545776367188,638.7413330078125,0.9999977350234985,937.4707641601562,649.3040771484375,0.9978430271148682,689.9328002929688,791.6312255859375,0.9999961853027344,1055.3572998046875,763.3423461914062,0.9999552965164185,520.1344604492188,401.8712158203125,0.9999964237213135,229.6614532470703,808.9979248046875,0.9998658895492554,378.19354248046875,677.0939331054688,0.9993544220924377,592.0833740234375,726.9828491210938,0.999964714050293,940.999755859375,647.9251098632812,0.000705018755979836,1055.234130859375,765.6244506835938,0.0007720072753727436
8,763.9429321289062,356.7223205566406,0.9999996423721313,1111.5284423828125,342.2137451171875,1.0,927.593017578125,459.8034973144531,0.9999990463256836,1057.447998046875,450.87335205078125,0.9999994039535522,1021.6817626953125,527.0610961914062,0.9999997615814209,864.3372192382812,566.373046875,0.9999966621398926,653.382568359375,640.2586669921875,0.9999972581863403,942.726806640625,646.396728515625,0.999976396560669,679.8971557617188,790.3619995117188,0.9999943971633911,1074.7138671875,778.369140625,0.9999924898147583,517.0164184570312,401.33013916015625,0.9999980926513672,234.9363555908203,816.7152709960938,0.9999969005584717,421.95111083984375,603.4346923828125,0.9999434947967529,578.336181640625,732.8711547851562,0.9999932050704956,939.4306030273438,642.6942138671875,0.0019892079290002584,582.2406005859375,734.4415893554688,0.0007677349494770169
9,769.8798828125,345.7067565917969,0.9999996423721313,1111.8897705078125,338.6722106933594,1.0,927.3937377929688,453.3782653808594,0.9999995231628418,1060.2691650390625,447.4237976074219,0.9999974966049194,1021.0726928710938,521.96630859375,0.9999997615814209,862.76123046875,559.2634887695312,0.9999850988388062,650.1368408203125,636.1602783203125,0.9999933242797852,941.8906860351562,642.9057006835938,0.9999921321868896,674.1905517578125,785.38134765625,0.999998927116394,1061.5323486328125,775.8098754882812,0.9999985694885254,516.6480712890625,387.8944396972656,0.9999994039535522,237.57220458984375,819.2626953125,0.9999986886978149,427.52410888671875,585.7870483398438,0.9999948740005493,570.7548828125,719.9178466796875,0.9999979734420776,371.7728271484375,736.8306274414062,0.999998927116394,372.229736328125,734.111328125,0.0008621105807833374
10,762.3015747070312,343.8085021972656,0.9999992847442627,1105.1435546875,326.7799377441406,1.0,927.5474243164062,446.1280212402344,0.999997615814209,1061.8048095703125,442.2652893066406,0.9999994039535522,1022.8111572265625,514.9743041992188,0.9999997615814209,869.7255859375,556.6799926757812,0.9999986886978149,646.5567016601562,633.3399047851562,0.9999921321868896,947.8804931640625,637.7525634765625,0.9999945163726807,664.8497924804688,783.8052368164062,0.9999878406524658,1051.5447998046875,776.5934448242188,0.9999966621398926,513.3422241210938,380.81988525390625,0.9999984502792358,230.98861694335938,819.9169311523438,0.9999990463256836,426.69598388671875,579.336669921875,0.9999986886978149,563.3688354492188,708.9067993164062,0.9999995231628418,392.4257507324219,736.6334228515625,0.13368074595928192,393.0684814453125,733.8145141601562,0.9925442934036255
11,759.1705322265625,340.4548645019531,0.9999998807907104,1100.855224609375,318.60296630859375,0.9999994039535522,929.5422973632812,444.4119873046875,0.9999995231628418,1061.84716796875,436.7562561035156,0.9999997615814209,1025.2098388671875,510.246826171875,0.9999998807907104,877.5839233398438,557.6071166992188,0.9999948740005493,644.0122680664062,634.1777954101562,0.9999961853027344,952.4609985351562,633.9713134765625,0.999983549118042,654.0052490234375,779.4041748046875,0.9999977350234985,1039.1065673828125,773.9852294921875,0.9999986886978149,511.633056640625,376.3032531738281,0.9999898672103882,227.7169189453125,820.6502075195312,0.9999990463256836,437.4584655761719,580.2501220703125,0.999998927116394,956.2537841796875,634.5949096679688,0.0003494625852908939,417.3005676269531,736.4285888671875,0.9999759197235107,418.5130310058594,734.1390991210938,0.019752811640501022
12,758.7915649414062,334.2021484375,0.9999995231628418,1100.19140625,311.2871398925781,0.9999998807907104,929.8443603515625,441.42669677734375,0.9999995231628418,1064.5968017578125,431.79095458984375,0.9999971389770508,1024.840576171875,504.83642578125,0.9999997615814209,883.8201904296875,558.9830322265625,0.9999979734420776,644.0584106445312,635.8757934570312,0.9999958276748657,957.7054443359375,630.23291015625,0.9999909400939941,641.3309936523438,777.5484008789062,0.9999979734420776,1028.8187255859375,772.6517333984375,0.9999996423721313,509.2545471191406,373.9841003417969,0.9999973773956299,222.4921875,823.4679565429688,0.9999936819076538,442.0311279296875,582.8984985351562,0.9999983310699463,953.5105590820312,632.2767944335938,0.0002593090175651014,429.74530029296875,739.6575317382812,0.9999996423721313,1030.2093505859375,774.1085815429688,0.0005388909485191107
13,758.9234008789062,336.1459655761719,0.9999995231628418,1100.2901611328125,314.0469970703125,0.9999992847442627,929.8381958007812,443.7403259277344,0.9999996423721313,1063.232177734375,436.87939453125,0.9999997615814209,1025.6929931640625,509.3873596191406,0.9999998807907104,872.8450927734375,566.8517456054688,0.999994158744812,641.9619750976562,640.4248657226562,0.9999912977218628,943.5535888671875,630.3546752929688,0.9999948740005493,1006.7763061523438,777.8432006835938,0.0018876304384320974,1009.6558837890625,773.0639038085938,0.9999991655349731,507.0928649902344,373.3863525390625,0.9999986886978149,226.14381408691406,819.3018798828125,0.9999984502792358,449.0986633300781,603.896484375,0.9999939203262329,561.3220825195312,702.8578491210938,0.9997453093528748,447.3766784667969,783.3446044921875,0.06580785661935806,1006.5435791015625,780.8107299804688,0.000573507568333298
14,756.8167114257812,335.979736328125,0.9999997615814209,1104.663330078125,310.1961669921875,0.9999998807907104,928.5664672851562,439.360595703125,0.9999994039535522,1062.253173828125,433.9923095703125,0.9999997615814209,1025.421142578125,505.9181213378906,0.9999997615814209,868.4808959960938,571.0440063476562,0.999998927116394,650.6423950195312,637.131591796875,0.9999978542327881,935.828125,628.395263671875,0.9999948740005493,692.8629760742188,775.410888671875,0.9999984502792358,997.876953125,772.5859375,0.9999951124191284,507.2174987792969,373.9804382324219,0.9999990463256836,233.40440368652344,807.2767333984375,0.9999933242797852,456.28704833984375,618.8798828125,0.99998939037323,549.5009155273438,710.4202880859375,0.9999983310699463,455.2195129394531,773.3741455078125,0.9999996423721313,1005.92041015625,779.2677001953125,0.000592805736232549
15,757.60205078125,331.9544982910156,0.9999997615814209,1102.1011962890625,308.99444580078125,0.9999998807907104,928.7295532226562,438.1436462402344,0.9999995231628418,1060.9801025390625,433.23724365234375,0.9999997615814209,1023.6317749023438,504.4063720703125,0.9999986886978149,864.4434204101562,571.8845825195312,0.9999985694885254,666.0567626953125,636.0115966796875,0.9999942779541016,925.2556762695312,628.1614379882812,0.9999791383743286,729.8292236328125,780.0296630859375,0.9997794032096863,985.789794921875,773.0267333984375,0.9999959468841553,506.943603515625,371.1312561035156,0.9999995231628418,666.5145263671875,634.9346923828125,0.000749538536183536,455.9595031738281,656.413818359375,0.9947448968887329,922.6163330078125,630.99365234375,0.0009012986556626856,475.1619873046875,795.127197265625,0.550293505191803,475.9512023925781,792.1777954101562,0.9275860786437988
16,755.5310668945312,331.2022705078125,0.9999998807907104,1096.6087646484375,306.0128479003906,0.9999998807907104,926.464111328125,433.8660888671875,0.9999996423721313,1057.887451171875,430.05499267578125,0.9999984502792358,1019.3707275390625,502.1232604980469,0.9999998807907104,864.6385498046875,577.7860717773438,0.9999992847442627,680.271728515625,639.5343627929688,0.9999889135360718,912.34521484375,625.968994140625,0.9999772310256958,763.8624267578125,775.3306884765625,0.27117636799812317,973.4718627929688,769.7393188476562,0.9999971389770508,515.4652709960938,365.88250732421875,0.9999992847442627,255.12557983398438,777.2587280273438,0.9772431254386902,466.6299743652344,673.7298583984375,0.9999927282333374,464.69049072265625,671.1176147460938,0.000965996936429292,494.4877014160156,804.8202514648438,0.8834223747253418,974.345458984375,773.6669921875,0.0012940464075654745
17,757.78857421875,325.3297119140625,0.9999998807907104,1092.8544921875,297.10205078125,0.9999998807907104,926.7662963867188,430.4290771484375,0.9999947547912598,1056.228271484375,427.50244140625,0.9999979734420776,1019.1658935546875,497.6212158203125,0.9999998807907104,870.6541748046875,579.2978515625,0.9999997615814209,708.3507690429688,642.4215087890625,0.9999983310699463,900.9271850585938,627.9793090820312,0.9999986886978149,787.997802734375,776.0260009765625,0.9985206723213196,961.692138671875,769.7718505859375,0.9999982118606567,522.4835205078125,362.2189025878906,0.9999979734420776,252.09854125976562,770.6033935546875,0.02498353086411953,468.03228759765625,683.0335693359375,0.9999974966049194,467.6219177246094,682.0536499023438,0.00029143894789740443,504.10986328125,824.1433715820312,0.9992746710777283,504.90338134765625,821.2347412109375,0.14031895995140076
18,762.2422485351562,318.5513916015625,0.9999983310699463,1094.289306640625,290.7529602050781,1.0,932.1821899414062,429.5394287109375,0.9999995231628418,1059.2987060546875,428.90155029296875,0.9999994039535522,1023.65771484375,499.4171142578125,0.9999998807907104,881.92431640625,582.4461669921875,0.9999997615814209,740.941162109375,643.1300048828125,0.9999986886978149,905.2660522460938,630.7183837890625,0.9999963045120239,829.8312377929688,758.9556884765625,0.9999967813491821,942.8375854492188,765.8067626953125,0.9999836683273315,524.9485473632812,361.2425537109375,0.9999938011169434,235.3759002685547,816.0445556640625,0.9999949932098389,472.87841796875,695.9055786132812,0.9999974966049194,235.91091918945312,814.6174926757812,0.0009441665024496615,511.41497802734375,828.3013305664062,0.9999973773956299,512.7430419921875,826.086669921875,0.0007625525468029082
19,767.5712280273438,313.00408935546875,0.9999988079071045,1098.59765625,284.09173583984375,0.9999994039535522,937.1063842773438,430.0523681640625,0.9999940395355225,1064.2593994140625,429.8199462890625,0.9999953508377075,1027.1322021484375,499.79339599609375,1.0,886.0830688476562,586.1068725585938,0.999996542930603,753.0068359375,642.1849975585938,0.9999749660491943,914.663818359375,626.793212890625,0.9999994039535522,870.3165893554688,741.7271118164062,0.9999921321868896,941.2427368164062,771.2197265625,0.9999898672103882,527.3331909179688,358.2386779785156,0.9999967813491821,224.25741577148438,814.4214477539062,0.9999717473983765,468.1455993652344,696.0626831054688,0.999997615814209,224.30209350585938,812.6821899414062,0.0005563825834542513,501.37506103515625,837.47802734375,0.9999991655349731,502.066162109375,834.746826171875,0.007723568473011255
20,773.9810791015625,310.322509765625,0.9999998807907104,1104.54443359375,282.6756896972656,0.9999998807907104,941.1301879882812,432.2119140625,0.999998927116394,1070.505615234375,433.32733154296875,0.9999996423721313,1031.22607421875,502.5185852050781,0.9999998807907104,897.1854858398438,587.9863891601562,0.9999456405639648,769.4515991210938,640.6302490234375,0.9998657703399658,772.6917114257812,642.5391845703125,0.0003570874105207622,896.7470092773438,720.1990966796875,0.006436449941247702,900.9456176757812,581.6876831054688,0.002246088581159711,532.3198852539062,358.34893798828125,0.9999991655349731,216.71603393554688,814.3230590820312,0.9999662637710571,469.75238037109375,701.1806030273438,0.999996542930603,469.0948791503906,699.3145141601562,0.0009201036300510168,492.80645751953125,837.5747680664062,0.9999991655349731,494.1898193359375,834.6416015625,0.001306101679801941
21,781.8200073242188,306.4525146484375,0.9999996423721313,1113.0914306640625,281.6786804199219,0.9999990463256836,949.37255859375,428.5729675292969,0.9999996423721313,1077.09228515625,428.2284851074219,0.9999991655349731,1040.72412109375,494.9439392089844,0.9999994039535522,903.744384765625,584.7069702148438,0.9999722242355347,783.1547241210938,641.8707275390625,0.9999631643295288,787.239990234375,642.7308959960938,0.0004231160564813763,917.3323974609375,706.1044921875,0.0014006630517542362,906.1407470703125,572.518310546875,0.002445596270263195,536.2554321289062,362.4541015625,0.9999974966049194,210.41810607910156,813.6848754882812,0.9999712705612183,466.5078125,700.981689453125,0.9999980926513672,464.9525146484375,699.498291015625,0.0026306654326617718,486.84149169921875,834.7401733398438,0.999998927116394,487.4502868652344,832.3828125,0.001500349841080606
22,797.022705078125,307.0462341308594,0.9999997615814209,1122.932373046875,278.8061218261719,0.9999998807907104,958.5222778320312,430.8647766113281,0.9999963045120239,1087.4840087890625,425.9101867675781,0.999994158744812,1050.42236328125,496.0921630859375,0.9999992847442627,915.4552612304688,582.1202392578125,0.9999984502792358,798.9203491210938,644.1353759765625,0.9999779462814331,803.2921142578125,644.0700073242188,0.00035074641346000135,944.3204956054688,690.1176147460938,0.9962510466575623,946.6520385742188,684.794677734375,0.0028813849203288555,546.2264404296875,365.9151916503906,0.9999983310699463,207.8760528564453,810.9312744140625,0.9473668932914734,467.36346435546875,699.691162109375,0.9999979734420776,466.1424255371094,698.3294067382812,0.0011862539686262608,482.77008056640625,832.7056884765625,0.9999986886978149,483.7679443359375,830.3082885742188,0.0012605931842699647
23,808.0047607421875,305.2649230957031,0.999998927116394,1131.8541259765625,274.8879089355469,0.9999998807907104,964.9839477539062,427.8594970703125,0.9999996423721313,1095.8009033203125,424.6948547363281,0.999994158744812,1059.8905029296875,492.063232421875,0.9999998807907104,927.375,576.3535766601562,0.9999963045120239,815.7379150390625,642.303466796875,0.9999791383743286,819.610595703125,642.7684936523438,0.0004543467075563967,962.9622192382812,678.105224609375,0.22595109045505524,934.775634765625,570.080810546875,0.00043922115582972765,554.3485717773438,366.7860412597656,0.999992847442627,244.55018615722656,808.2469482421875,0.9999955892562866,468.1125793457031,696.773681640625,0.9999918937683105,970.0369873046875,430.0807800292969,0.0009304246632382274,480.65069580078125,827.4404907226562,0.9999977350234985,481.8298034667969,825.35107421875,0.00031438490259461105
24,822.7273559570312,304.1833801269531,0.999998927116394,1143.64404296875,275.03497314453125,0.9999997615814209,976.1339111328125,428.5722961425781,0.9999988079071045,1106.5,419.7731018066406,0.9999997615814209,1072.453369140625,491.0716857910156,0.9999996423721313,937.2252197265625,571.1810302734375,0.9999958276748657,837.7926635742188,640.0148315429688,0.9998619556427002,844.048828125,636.3215942382812,0.0005006008432246745,983.7763061523438,672.84033203125,0.002581719309091568,472.3419494628906,696.3334350585938,0.0004690650093834847,563.5737915039062,376.0528564453125,0.9999947547912598,253.10153198242188,804.0813598632812,0.9999977350234985,471.18829345703125,695.7957763671875,0.9999809265136719,253.05682373046875,802.5114135742188,0.00016748033522162586,475.2913513183594,826.107177734375,0.9999861717224121,476.8607177734375,822.2852783203125,0.001806181389838457
25,827.1834716796875,310.50067138671875,0.9999988079071045,1144.4656982421875,278.0480651855469,0.9999988079071045,979.2359008789062,434.5600280761719,0.9999997615814209,1106.52099609375,434.0284118652344,0.9999996423721313,1074.341064453125,497.8084411621094,0.9999998807907104,937.1155395507812,578.4256591796875,0.9999988079071045,834.0841064453125,641.5310668945312,0.9999970197677612,1146.1844482421875,278.8321838378906,0.00028843231848441064,971.4750366210938,699.0650634765625,0.9999974966049194,938.8613891601562,568.9112548828125,0.00037238255026750267,556.550048828125,377.0338439941406,0.9999973773956299,251.32620239257812,804.6461181640625,0.9999973773956299,468.1731262207031,696.0982055664062,0.9999971389770508,251.33920288085938,802.8549194335938,0.00026221180451102555,474.0259704589844,825.6729736328125,0.9999912977218628,475.53594970703125,821.9154052734375,0.0009876845870167017
26,834.813232421875,310.3757019042969,0.9999996423721313,1148.9266357421875,285.83538818359375,0.9999973773956299,984.917724609375,441.3826904296875,0.9999961853027344,1114.091552734375,439.41680908203125,0.9999985694885254,1080.5892333984375,507.5624084472656,0.9999994039535522,938.3880615234375,587.6682739257812,0.9999972581863403,835.3732299804688,650.2437133789062,0.9999772310256958,842.0176391601562,648.6987915039062,0.0016064271330833435,974.7095336914062,747.3258056640625,0.9988431930541992,940.2623291015625,582.9469604492188,0.00034660534583963454,555.3274536132812,374.24786376953125,0.9999995231628418,249.73843383789062,803.6299438476562,0.9999964237213135,465.28326416015625,695.265869140625,0.9999966621398926,464.0121154785156,695.045654296875,0.0006134125287644565,469.5274658203125,826.8323974609375,0.9999985694885254,469.94769287109375,823.2551879882812,0.0008623588364571333
27,834.611328125,317.78387451171875,0.9999996423721313,1153.407958984375,290.4481506347656,0.9999998807907104,991.0922241210938,445.62744140625,0.9999945163726807,1120.3731689453125,447.230712890625,0.9999842643737793,1084.3544921875,516.0996704101562,0.9999998807907104,939.2300415039062,590.9004516601562,0.9999977350234985,834.1708374023438,648.5037231445312,0.9999780654907227,841.2047729492188,647.54443359375,0.001049734535627067,973.309814453125,793.776611328125,0.9999061822891235,940.121826171875,584.16357421875,0.0007096068584360182,553.8190307617188,370.6337890625,0.9999996423721313,251.078369140625,801.934814453125,0.9999943971633911,466.01116943359375,694.0075073242188,0.999998927116394,251.4866485595703,800.970458984375,0.00041277348645962775,467.1527099609375,827.87744140625,0.9999983310699463,467.8035888671875,825.7249145507812,0.00046868601930327713
28,836.2184448242188,326.99859619140625,0.9999997615814209,1158.0330810546875,301.7010192871094,0.9999983310699463,997.3731689453125,452.69317626953125,0.9999998807907104,1128.6495361328125,456.305908203125,0.9999904632568359,1089.092529296875,523.9097290039062,0.9999998807907104,944.4283447265625,593.7726440429688,0.9999977350234985,834.3008422851562,650.4354858398438,0.9999909400939941,841.4126586914062,648.9970092773438,0.0005390815204009414,952.3004760742188,809.7777709960938,0.9999252557754517,954.4508056640625,804.8653564453125,0.00035478302743285894,552.3844604492188,369.1148376464844,0.9999984502792358,260.132568359375,798.6417846679688,0.9999755620956421,468.83197021484375,689.8490600585938,0.9999983310699463,1002.89306640625,451.3684387207031,0.00028641821700148284,465.7542419433594,830.9511108398438,0.9999948740005493,466.87652587890625,828.5769653320312,0.0005639262963086367
29,853.488037109375,329.40423583984375,0.9999995231628418,1171.4293212890625,307.7997131347656,1.0,1012.75439453125,445.31732177734375,0.9999991655349731,1143.3564453125,443.3935852050781,0.9999945163726807,1107.892578125,515.0194702148438,1.0,947.3394165039062,596.509765625,0.9999998807907104,836.1162109375,646.5875244140625,0.9999969005584717,843.194580078125,645.0189208984375,0.0011765558738261461,924.9595947265625,858.4173583984375,0.9986737966537476,473.8469543457031,681.3627319335938,0.0008914230857044458,560.7171020507812,365.098876953125,0.9999972581863403,271.68994140625,801.0084228515625,0.9517894983291626,470.94403076171875,685.0234375,0.999996542930603,1018.54150390625,447.4358215332031,0.0007116059423424304,464.77569580078125,836.2750244140625,0.9999940395355225,466.1859436035156,833.3612670898438,0.0005668238736689091
30,850.29296875,338.698486328125,0.9999998807907104,1184.0582275390625,318.52545166015625,0.9999948740005493,1024.564697265625,431.1593322753906,0.9999969005584717,1157.659423828125,426.9043884277344,0.9999967813491821,1121.900634765625,495.7371520996094,0.9999996423721313,955.0795288085938,590.5816040039062,0.9999983310699463,836.407470703125,656.9091796875,0.999995231628418,948.212646484375,639.01123046875,0.990790843963623,888.1245727539062,878.0068969726562,0.9999462366104126,930.6453247070312,759.7188720703125,0.9999982118606567,571.471923828125,361.8329772949219,0.9999972581863403,275.5635986328125,802.2476196289062,0.9403543472290039,477.60540771484375,677.4926147460938,0.9999970197677612,1154.324951171875,424.91180419921875,0.00035509842564351857,465.5684814453125,832.329833984375,0.9999798536300659,466.6703186035156,829.6246337890625,0.0006777591770514846
31,850.1956787109375,338.6961669921875,0.9999998807907104,1184.02099609375,318.49468994140625,0.9999949932098389,1024.5943603515625,431.1215515136719,0.9999970197677612,1157.723388671875,426.9324035644531,0.999996542930603,1121.8863525390625,495.7890319824219,0.9999996423721313,955.1343383789062,590.52294921875,0.9999982118606567,836.5184326171875,656.9789428710938,0.9999958276748657,948.2321166992188,638.9389038085938,0.9902859330177307,888.8598022460938,879.291015625,0.9999475479125977,930.6255493164062,759.5881958007812,0.9999983310699463,571.4305419921875,361.90948486328125,0.9999974966049194,275.4389343261719,802.5576782226562,0.926964282989502,477.9042663574219,677.0486450195312,0.9999973773956299,1154.3443603515625,424.94403076171875,0.0003511127724777907,465.3414001464844,832.4627075195312,0.9999874830245972,466.75390625,830.268798828125,0.0007033481379039586
32,866.8417358398438,339.037353515625,1.0,1185.932861328125,298.3760986328125,0.9997345805168152,1036.4532470703125,416.6693420410156,0.999998927116394,1175.7633056640625,391.42767333984375,0.9999983310699463,1158.10400390625,455.6666564941406,0.9999996423721313,967.1350708007812,585.7252197265625,0.9999914169311523,832.70654296875,670.3612670898438,0.9999831914901733,965.568359375,633.9718627929688,0.9999717473983765,889.6392211914062,879.654052734375,0.9999752044677734,935.6677856445312,758.6644897460938,0.9999926090240479,574.6710205078125,366.45416259765625,0.9999958276748657,300.1153259277344,822.1216430664062,0.9992762207984924,479.3250427246094,675.881103515625,0.9999983310699463,965.31640625,635.6061401367188,0.0024610664695501328,466.4811096191406,832.8989868164062,0.9999972581863403,645.2573852539062,716.1771850585938,0.999876856803894
33,867.2814331054688,338.7511901855469,0.9999998807907104,1185.8226318359375,299.0993957519531,0.9991390705108643,1036.444091796875,416.646240234375,0.999998927116394,1175.7813720703125,391.4009094238281,0.9999983310699463,1158.2158203125,455.7379455566406,0.9999996423721313,967.190185546875,585.9197998046875,0.9999908208847046,833.0087280273438,670.5767822265625,0.9999879598617554,965.6734619140625,633.7830810546875,0.9999758005142212,889.4440307617188,879.8629150390625,0.9999727010726929,935.5198974609375,758.6146850585938,0.9999934434890747,574.718505859375,366.4568176269531,0.9999959468841553,300.0331726074219,821.9494018554688,0.9989261031150818,479.4642333984375,676.3265380859375,0.9999980926513672,965.2313842773438,635.4651489257812,0.0031450700480490923,466.77166748046875,832.5458984375,0.9999969005584717,645.2681884765625,716.1716918945312,0.9998760223388672
34,873.8069458007812,383.2084045410156,0.9999979734420776,1210.0654296875,349.8608093261719,0.9999948740005493,1048.9783935546875,464.8014221191406,0.9999983310699463,1185.1097412109375,450.8946838378906,0.9999994039535522,1156.2930908203125,512.7603759765625,0.9999998807907104,978.3941040039062,615.6112670898438,0.9998799562454224,833.8814086914062,676.2373657226562,0.999997615814209,936.4562377929688,758.0650634765625,0.0004462892247829586,889.21923828125,879.5112915039062,0.9999724626541138,936.3165283203125,760.7732543945312,0.9999793767929077,575.7406005859375,373.1275939941406,0.9999957084655762,368.3935546875,826.5802612304688,0.9267797470092773,478.9633483886719,678.1343383789062,0.9999977350234985,672.8865966796875,732.6405639648438,0.9999966621398926,465.2602233886719,837.4029541015625,0.9999974966049194,766.4502563476562,826.6776123046875,0.9999778270721436
35,873.8079223632812,383.2063903808594,0.9999978542327881,1210.0855712890625,349.6901550292969,0.9999951124191284,1048.996826171875,464.74664306640625,0.9999984502792358,1185.1849365234375,450.96533203125,0.9999994039535522,1156.353271484375,512.742431640625,0.9999998807907104,978.1951293945312,616.1902465820312,0.9999285936355591,833.6465454101562,676.7268676757812,0.9999972581863403,677.8486938476562,731.4161376953125,0.0004330803931225091,889.3561401367188,879.6083984375,0.9999738931655884,936.1070556640625,761.2288818359375,0.9999806880950928,575.534912109375,373.2572021484375,0.9999963045120239,368.04901123046875,826.59375,0.9422993659973145,478.7711181640625,678.46728515625,0.999997615814209,672.94140625,732.7108154296875,0.9999966621398926,465.572265625,837.109130859375,0.999997615814209,766.9429321289062,827.638427734375,0.9999834299087524
36,886.3530883789062,434.3414611816406,0.9999996423721313,1233.0928955078125,406.5208740234375,0.9999997615814209,1052.359375,512.6529541015625,0.9999985694885254,1186.9375,500.88543701171875,0.9999997615814209,1153.5361328125,566.701171875,0.9999997615814209,973.161376953125,635.7890014648438,0.9999966621398926,838.9671020507812,669.289794921875,0.9999901056289673,936.05322265625,757.6704711914062,0.001658604247495532,887.3564453125,878.4932250976562,0.9999804496765137,935.0737915039062,759.4989624023438,0.9999858140945435,568.8255004882812,370.8193054199219,0.999998927116394,371.4063720703125,832.4850463867188,0.9998424053192139,472.32794189453125,678.2113647460938,0.9999954700469971,682.9126586914062,734.8660888671875,0.9999967813491821,466.4564514160156,836.8599853515625,0.9999988079071045,772.44873046875,837.8394165039062,0.9999998807907104
37,886.496337890625,434.36968994140625,0.9999996423721313,1233.1376953125,406.4698791503906,0.9999997615814209,1052.322265625,512.6666870117188,0.9999985694885254,1186.9150390625,500.97412109375,0.9999997615814209,1153.5379638671875,566.8142700195312,0.9999997615814209,973.2863159179688,635.833251953125,0.9999967813491821,838.8983154296875,669.1445922851562,0.9999910593032837,935.9788818359375,757.4906616210938,0.0016069079283624887,886.91943359375,878.3568115234375,0.9999833106994629,934.9063720703125,759.0628662109375,0.9999886751174927,568.4426879882812,370.7542724609375,0.9999986886978149,371.24212646484375,831.9337768554688,0.9998353719711304,471.8768310546875,678.8040161132812,0.9999958276748657,683.0039672851562,736.2340087890625,0.9999984502792358,466.40313720703125,836.8828125,0.999998927116394,772.2012329101562,837.6644897460938,0.9999998807907104
38,886.9420166015625,459.4665832519531,0.9999991655349731,1241.0313720703125,454.12188720703125,0.9999996423721313,1045.3250732421875,547.5729370117188,0.9999998807907104,1182.70166015625,544.2506713867188,0.9999909400939941,1143.0943603515625,606.1036987304688,0.9999995231628418,967.17431640625,640.8599243164062,0.9999990463256836,838.9345092773438,668.2786254882812,0.9999951124191284,935.4317626953125,757.3509521484375,0.0010194935603067279,881.9347534179688,875.7451171875,0.9999980926513672,933.8610229492188,758.5845336914062,0.9999978542327881,564.7529296875,368.8039855957031,0.9999984502792358,373.96417236328125,841.0099487304688,0.9999967813491821,469.82373046875,680.0742797851562,0.9999935626983643,685.1952514648438,739.6701049804688,0.9999992847442627,465.6940612792969,837.3843994140625,0.9999992847442627,773.7463989257812,841.760986328125,0.9999996423721313
39,886.8786010742188,459.4540710449219,0.9999991655349731,1240.99267578125,454.0792236328125,0.9999996423721313,1045.3211669921875,547.6131591796875,0.9999998807907104,1182.6875,544.333984375,0.9999922513961792,1143.1103515625,606.0652465820312,0.9999996423721313,967.008544921875,640.5645751953125,0.9999988079071045,839.6229858398438,668.2913208007812,0.9999932050704956,935.4454345703125,757.4109497070312,0.0010425071232020855,881.8525390625,875.6396484375,0.9999980926513672,933.8435668945312,758.6082153320312,0.9999982118606567,563.4072875976562,369.04638671875,0.9999979734420776,373.75,841.5286865234375,0.9999970197677612,469.68365478515625,679.843994140625,0.9999958276748657,684.9432373046875,739.3153076171875,0.9999991655349731,465.6654052734375,836.5147094726562,0.9999995231628418,773.755615234375,841.762451171875,0.9999995231628418
40,878.275634765625,436.90313720703125,0.9999997615814209,1259.8675537109375,428.7462158203125,0.9999992847442627,1038.6552734375,506.86602783203125,0.9999978542327881,1179.14208984375,497.8976135253906,0.9999980926513672,1140.784912109375,569.7943725585938,0.9999998807907104,977.8633422851562,626.2347412109375,0.9999997615814209,842.7947998046875,668.2175903320312,0.9999887943267822,936.4716186523438,756.7784423828125,0.0010766530176624656,881.10205078125,875.0945434570312,0.9999977350234985,935.4962768554688,757.3704223632812,0.9999966621398926,562.6876831054688,369.7167663574219,0.999997615814209,373.728271484375,836.9984130859375,0.9999990463256836,467.7992248535156,679.7918090820312,0.9999991655349731,683.8284301757812,737.2803955078125,0.9999986886978149,464.43377685546875,836.135498046875,0.9999991655349731,772.6445922851562,840.2092895507812,0.9999997615814209
41,877.998779296875,436.88702392578125,0.9999997615814209,1260.0992431640625,428.80810546875,0.9999992847442627,1038.6002197265625,506.9478759765625,0.9999977350234985,1179.136474609375,497.91546630859375,0.9999980926513672,1140.7095947265625,569.7339477539062,0.9999998807907104,977.794189453125,626.0460205078125,0.9999997615814209,843.1118774414062,668.2089233398438,0.9999889135360718,936.3493041992188,756.6985473632812,0.0012737814104184508,881.2166748046875,875.2090454101562,0.9999978542327881,935.396728515625,757.2456665039062,0.9999973773956299,562.0584716796875,369.8952941894531,0.9999971389770508,373.73333740234375,836.9979858398438,0.9999990463256836,467.6776428222656,680.0114135742188,0.999998927116394,684.070068359375,734.6557006835938,0.999991774559021,464.49871826171875,836.2678833007812,0.9999991655349731,772.5633544921875,840.0962524414062,0.9999997615814209
42,878.2261352539062,422.244873046875,0.9999997615814209,1272.670654296875,413.5130310058594,0.9999915361404419,1046.3472900390625,472.1098937988281,0.999998927116394,1179.9552001953125,466.5704345703125,0.9999997615814209,1143.790771484375,533.771240234375,0.9999998807907104,984.1067504882812,613.5303955078125,0.9999912977218628,844.8358154296875,668.3348999023438,0.9999843835830688,936.9367065429688,756.791748046875,0.0012079570442438126,883.5496215820312,878.129638671875,0.9999974966049194,936.6150512695312,757.710693359375,0.9999948740005493,561.4795532226562,370.2828063964844,0.9999957084655762,372.111572265625,829.6549072265625,0.9999964237213135,469.4658203125,678.5104370117188,0.9999990463256836,683.99560546875,737.3649291992188,0.9999990463256836,464.1352233886719,837.39306640625,0.9999970197677612,774.327880859375,841.1464233398438,0.999998927116394
43,878.1192626953125,422.0811767578125,0.9999998807907104,1272.7161865234375,413.53546142578125,0.9999912977218628,1046.371337890625,472.1531066894531,0.999998927116394,1179.9354248046875,466.6048889160156,0.9999996423721313,1143.808837890625,533.6611938476562,0.9999998807907104,984.1161499023438,613.576171875,0.9999910593032837,844.8750610351562,668.1243896484375,0.9999847412109375,936.9567260742188,756.844970703125,0.0011763653019443154,884.0047607421875,878.2510986328125,0.9999973773956299,936.6383666992188,757.7794189453125,0.9999949932098389,561.1907958984375,370.1597900390625,0.9999945163726807,372.0946960449219,829.7026977539062,0.9999963045120239,469.4649658203125,678.4735717773438,0.9999990463256836,683.9500122070312,737.4529418945312,0.999998927116394,464.160888671875,837.297119140625,0.9999971389770508,774.1643676757812,841.1349487304688,0.9999990463256836
44,875.1383056640625,405.0036926269531,0.9999997615814209,1269.3541259765625,398.82733154296875,0.9999997615814209,1048.2344970703125,459.8438415527344,0.9999985694885254,1181.3134765625,456.3051452636719,0.9999986886978149,1145.083984375,524.8882446289062,0.9999996423721313,984.62744140625,608.4239501953125,0.9999693632125854,845.0820922851562,668.9826049804688,0.9999864101409912,941.4911499023438,674.7213134765625,0.19806598126888275,883.2982788085938,877.5818481445312,0.9999984502792358,936.1062622070312,757.4085083007812,0.9999934434890747,565.5220947265625,367.7687683105469,0.9999847412109375,375.3720397949219,845.5682373046875,0.9999889135360718,474.0621337890625,677.3411865234375,0.999998927116394,684.4194946289062,737.204345703125,0.9999988079071045,466.8410339355469,839.0194091796875,0.9999985694885254,774.3699951171875,841.7349243164062,0.9999994039535522
45,875.162353515625,404.9642333984375,0.9999998807907104,1269.461669921875,399.3607482910156,0.9999997615814209,1048.1771240234375,459.781005859375,0.9999985694885254,1181.3836669921875,456.2586669921875,0.9999986886978149,1145.1339111328125,524.8638305664062,0.9999996423721313,984.4981689453125,608.6101684570312,0.9999732971191406,845.4801635742188,668.669189453125,0.9999856948852539,941.8239135742188,674.211669921875,0.0017944093560799956,883.2456665039062,877.523681640625,0.9999984502792358,936.0155029296875,757.7833862304688,0.9999897480010986,565.174560546875,368.1294860839844,0.9999897480010986,375.3243103027344,845.255615234375,0.9999895095825195,473.75030517578125,678.105224609375,0.9999986886978149,684.446044921875,737.7382202148438,0.9999990463256836,466.83624267578125,839.047607421875,0.9999986886978149,774.3384399414062,841.2445068359375,0.9999994039535522
46,873.0131225585938,388.3057556152344,0.9999982118606567,1265.577392578125,380.7024841308594,0.9999997615814209,1051.16552734375,450.98773193359375,0.9999997615814209,1183.702392578125,448.08917236328125,0.9999988079071045,1148.4246826171875,515.38037109375,0.9999998807907104,985.4669799804688,603.3908081054688,0.9999350309371948,847.0513916015625,667.908935546875,0.9999765157699585,937.0146484375,756.444580078125,0.0010381730971857905,883.7401123046875,876.8640747070312,0.9999983310699463,936.9782104492188,757.0799560546875,0.9999947547912598,565.4116821289062,368.2544250488281,0.9999845027923584,563.461181640625,370.7410888671875,0.0009047436760738492,473.9520568847656,677.7177124023438,0.999998927116394,684.3804931640625,739.4490356445312,0.9999986886978149,466.4679260253906,840.0556030273438,0.999990701675415,774.3499755859375,841.3048095703125,0.9999994039535522
47,872.9277954101562,388.72357177734375,0.9999980926513672,1265.4935302734375,380.5887756347656,0.9999997615814209,1051.138916015625,450.94146728515625,0.9999997615814209,1183.649169921875,447.5656433105469,0.9999980926513672,1148.4888916015625,515.3558349609375,0.9999998807907104,985.0509033203125,603.5039672851562,0.999947190284729,846.9406127929688,667.2791748046875,0.9999765157699585,948.0116577148438,667.479248046875,0.0011622642632573843,883.7482299804688,877.4534301757812,0.9999983310699463,936.7145385742188,757.3089599609375,0.9999920129776001,565.08935546875,368.2692565917969,0.9999840259552002,563.213134765625,370.80975341796875,0.0008672402473166585,474.04974365234375,677.6590576171875,0.9999990463256836,684.316162109375,739.4972534179688,0.9999986886978149,466.5223693847656,838.96533203125,0.9999947547912598,774.3477783203125,841.27099609375,0.9999994039535522
48,869.3302001953125,374.3013000488281,0.9999992847442627,1255.7122802734375,366.21820068359375,0.9999995231628418,1048.3701171875,439.7960510253906,0.9999967813491821,1179.754638671875,438.4966125488281,0.9999994039535522,1146.578125,507.4490661621094,0.9999997615814209,984.586669921875,601.7091064453125,0.9999830722808838,845.6875610351562,667.8191528320312,0.9999759197235107,964.9818115234375,653.501708984375,0.9966433048248291,882.8106689453125,876.4625244140625,0.9999984502792358,936.5419921875,757.2750244140625,0.9999964237213135,561.2510375976562,368.7270812988281,0.9999799728393555,462.2938232421875,836.1205444335938,0.0026538053061813116,470.57489013671875,678.1908569335938,0.9999994039535522,682.8710327148438,738.8771362304688,0.9999983310699463,464.6971740722656,838.44921875,0.9999840259552002,772.7296752929688,841.3565673828125,0.9999995231628418
49,869.3314819335938,374.3784484863281,0.9999991655349731,1255.6932373046875,366.22015380859375,0.9999995231628418,1048.33984375,439.8319396972656,0.9999969005584717,1179.7799072265625,438.57275390625,0.9999994039535522,1146.5194091796875,507.49285888671875,0.9999997615814209,984.5870361328125,601.4801635742188,0.9999834299087524,845.5739135742188,667.8768310546875,0.9999785423278809,964.7237548828125,653.7512817382812,0.9949756860733032,883.1109619140625,876.3868408203125,0.9999985694885254,936.4392700195312,757.328125,0.9999964237213135,561.3265380859375,369.0228271484375,0.999984622001648,462.1483154296875,836.2213134765625,0.00240239012055099,470.4401550292969,678.3937377929688,0.9999994039535522,683.0113525390625,738.9243774414062,0.9999986886978149,464.5484619140625,838.66455078125,0.999977707862854,772.6931762695312,841.3218994140625,0.9999995231628418
50,873.1513671875,356.7882385253906,0.999998927116394,1248.280517578125,356.2222595214844,1.0,1051.5103759765625,432.658447265625,0.9999990463256836,1182.563720703125,431.0706481933594,0.9999960660934448,1149.041748046875,500.01861572265625,0.9999998807907104,984.320556640625,600.7288818359375,0.9999852180480957,848.271728515625,669.18505859375,0.9999850988388062,971.6117553710938,648.5101928710938,0.9994605183601379,884.887451171875,878.1680297851562,0.9999967813491821,939.0208740234375,757.2818603515625,0.9999985694885254,557.1744384765625,371.56353759765625,0.9999967813491821,683.6276245117188,740.2218017578125,0.0005776547477580607,472.342041015625,679.5842895507812,0.9999967813491821,684.2217407226562,737.8865966796875,0.9999985694885254,467.3127136230469,837.2415771484375,0.6604682803153992,774.374267578125,842.5477294921875,0.9999991655349731
51,873.0820922851562,356.7953186035156,0.999998927116394,1248.3204345703125,356.078125,1.0,1051.544677734375,432.844482421875,0.9999991655349731,1182.495361328125,431.06378173828125,0.9999959468841553,1149.01318359375,499.8988342285156,0.9999998807907104,984.0161743164062,600.47509765625,0.9999850988388062,848.1919555664062,669.1866455078125,0.9999843835830688,971.7639770507812,648.3295288085938,0.9993329644203186,884.9846801757812,878.0545043945312,0.9999967813491821,938.973876953125,757.8872680664062,0.9999986886978149,557.1940307617188,371.5580139160156,0.9999967813491821,971.5996704101562,646.1163940429688,0.0005122735747136176,472.4150390625,679.3811645507812,0.9999971389770508,684.2159423828125,738.9457397460938,0.9999990463256836,467.1485290527344,837.6687622070312,0.6624298095703125,773.92138671875,842.2900390625,0.9999994039535522
52,876.397216796875,348.4793395996094,0.9999992847442627,1250.1695556640625,351.5789489746094,0.9999998807907104,1050.5595703125,428.3779602050781,0.9999879598617554,1181.3480224609375,427.4167175292969,0.9999969005584717,1146.723388671875,499.15228271484375,0.9999998807907104,979.42724609375,600.2869873046875,0.9999961853027344,843.3272705078125,664.2337646484375,0.9999929666519165,970.8181762695312,645.559326171875,0.9999909400939941,884.6475219726562,876.951416015625,0.9999983310699463,935.296142578125,757.1320190429688,0.9999966621398926,550.9528198242188,374.2677917480469,0.9999979734420776,971.5119018554688,643.7286987304688,0.0014898480148985982,467.3298034667969,679.726318359375,0.999998927116394,683.8451538085938,739.974853515625,0.9999994039535522,462.84918212890625,842.7405395507812,0.9998683929443359,775.0698852539062,842.0538330078125,0.9999992847442627
53,876.423828125,348.4207763671875,0.9999991655349731,1250.13134765625,351.6180419921875,0.9999998807907104,1050.52587890625,428.342041015625,0.9999879598617554,1181.4320068359375,427.281982421875,0.9999964237213135,1146.793212890625,499.03985595703125,0.9999998807907104,979.0369262695312,600.5513305664062,0.9999946355819702,843.1082153320312,664.1134033203125,0.9999933242797852,970.5172729492188,645.727294921875,0.9999914169311523,885.2523803710938,877.4527587890625,0.9999978542327881,935.4305419921875,756.56103515625,0.9999967813491821,551.37646484375,374.1789855957031,0.9999978542327881,971.4803466796875,643.695068359375,0.0016156089259311557,467.1486511230469,679.710693359375,0.999998927116394,683.9845581054688,740.463134765625,0.9999994039535522,462.87255859375,842.6390991210938,0.9998645782470703,774.9700927734375,842.1831665039062,0.9999992847442627
54,879.9298095703125,345.1534423828125,0.9999978542327881,1250.2962646484375,347.552490234375,0.9999998807907104,1050.026611328125,428.6405334472656,0.9999865293502808,1181.2779541015625,426.93768310546875,0.9999967813491821,1144.8369140625,497.50335693359375,0.9999996423721313,975.3934936523438,597.935546875,0.9999960660934448,842.2266845703125,665.0288696289062,0.9999884366989136,970.3765258789062,642.1206665039062,0.9999861717224121,885.5510864257812,877.2634887695312,0.9999977350234985,935.2230224609375,756.1600952148438,0.9999978542327881,550.3191528320312,372.9659729003906,0.9999970197677612,843.1018676757812,664.008056640625,0.0013635193463414907,466.9483947753906,678.9258422851562,0.9999991655349731,684.1844482421875,740.82763671875,0.9999994039535522,462.53485107421875,842.1382446289062,0.9999457597732544,775.271240234375,842.7261352539062,0.9999994039535522
55,879.8851318359375,345.2929382324219,0.9999979734420776,1250.3076171875,347.0036315917969,0.9999998807907104,1050.1221923828125,428.6265869140625,0.9999884366989136,1181.4603271484375,426.8143615722656,0.9999963045120239,1145.0155029296875,497.3049011230469,0.9999996423721313,975.1141967773438,598.1026611328125,0.9999964237213135,840.8991088867188,668.6346435546875,0.9999860525131226,970.2689208984375,641.8350219726562,0.999987006187439,885.2013549804688,877.411865234375,0.9999979734420776,935.0859375,756.8079223632812,0.9999984502792358,549.730224609375,372.87091064453125,0.9999971389770508,842.9513549804688,667.1744384765625,0.0013718721456825733,467.00201416015625,678.8079833984375,0.9999992847442627,684.1028442382812,740.2112426757812,0.9999994039535522,462.69647216796875,842.2183837890625,0.9999691247940063,774.875732421875,842.3739624023438,0.9999995231628418
56,885.9039306640625,337.73687744140625,0.9999997615814209,1250.9822998046875,340.561279296875,1.0,1050.50634765625,428.2463684082031,0.9999911785125732,1181.0904541015625,425.90228271484375,0.9999946355819702,1143.986572265625,496.4788818359375,0.9999997615814209,974.2793579101562,596.6226196289062,0.9999979734420776,840.0953979492188,664.999267578125,0.999984860420227,968.703369140625,641.8060913085938,0.999976396560669,885.3889770507812,876.1393432617188,0.9999983310699463,933.6439208984375,756.8707275390625,0.9999990463256836,548.2626953125,374.1221923828125,0.9999977350234985,843.6783447265625,664.17236328125,0.0014417018974199891,465.51043701171875,679.7803955078125,0.9999978542327881,684.2081298828125,739.8634033203125,0.9999992847442627,461.7939453125,840.525634765625,0.9998759031295776,774.9230346679688,842.011962890625,0.9999994039535522
57,886.0311279296875,337.7671813964844,0.9999997615814209,1250.962646484375,340.6058654785156,1.0,1050.5615234375,428.3063049316406,0.9999926090240479,1181.0838623046875,425.7734680175781,0.9999945163726807,1143.9327392578125,496.5552673339844,0.9999997615814209,973.983642578125,596.0289916992188,0.9999984502792358,839.9217529296875,664.4293212890625,0.999988317489624,968.658935546875,641.5393676757812,0.9999700784683228,885.39208984375,876.0596923828125,0.9999983310699463,933.9264526367188,756.6928100585938,0.9999990463256836,548.7212524414062,373.9378662109375,0.9999977350234985,843.8404541015625,663.5673828125,0.0012268808204680681,465.6120910644531,679.8841552734375,0.9999977350234985,684.5481567382812,740.9527587890625,0.9999990463256836,462.28216552734375,841.1597900390625,0.9998817443847656,775.1062622070312,841.8441162109375,0.9999991655349731
58,889.9027099609375,335.6330871582031,0.9999959468841553,1251.4508056640625,338.0155334472656,1.0,1051.7879638671875,428.2106628417969,0.9999945163726807,1182.1575927734375,426.7619934082031,0.9999959468841553,1144.706298828125,496.4470520019531,0.9999996423721313,973.3253173828125,594.4412841796875,0.9999992847442627,838.5127563476562,667.0952758789062,0.9999945163726807,971.8823852539062,635.7142944335938,0.999984860420227,885.4969482421875,876.5188598632812,0.9999980926513672,934.78515625,757.0736694335938,0.9999977350234985,547.5377807617188,374.2997741699219,0.9999979734420776,843.5779418945312,666.1287841796875,0.0013077148469164968,466.6423645019531,679.3318481445312,0.9999988079071045,684.9088745117188,741.2687377929688,0.9999991655349731,462.41741943359375,841.15966796875,0.9998531341552734,775.5953369140625,842.5084838867188,0.9999992847442627
59,890.040283203125,335.74542236328125,0.9999964237213135,1251.5299072265625,338.1581726074219,1.0,1051.84912109375,428.30987548828125,0.9999946355819702,1182.214111328125,426.7362976074219,0.9999960660934448,1144.80078125,496.39495849609375,0.9999995231628418,973.2911987304688,593.9140014648438,0.999998927116394,838.4268798828125,667.259765625,0.9999946355819702,971.4888305664062,635.8926391601562,0.9999853372573853,885.7916870117188,876.4772338867188,0.9999978542327881,934.5673217773438,756.7328491210938,0.9999984502792358,546.962646484375,374.40435791015625,0.999997615814209,843.5870971679688,666.2693481445312,0.0012625319650396705,466.73699951171875,679.4959106445312,0.9999988079071045,684.9337158203125,741.2666625976562,0.9999991655349731,462.39013671875,841.1724853515625,0.9998599290847778,775.335205078125,842.2058715820312,0.9999992847442627
60,891.3451538085938,335.9209899902344,0.9999957084655762,1251.384521484375,336.991943359375,1.0,1051.519775390625,428.4313049316406,0.9999960660934448,1181.0128173828125,426.18499755859375,0.9999957084655762,1144.7271728515625,495.3181457519531,0.9999991655349731,972.0442504882812,593.8644409179688,0.9999994039535522,837.2868041992188,668.4775390625,0.9999963045120239,971.4887084960938,632.701904296875,0.9999773502349854,885.7861938476562,875.3693237304688,0.9999982118606567,935.4512939453125,756.5333251953125,0.9999984502792358,547.5374145507812,375.12457275390625,0.999997615814209,843.8555908203125,667.3002319335938,0.0009053460089489818,466.2972412109375,680.5342407226562,0.9999978542327881,685.078369140625,741.378662109375,0.9999990463256836,461.9282531738281,843.3591918945312,0.9999662637710571,775.4500732421875,842.1964721679688,0.9999991655349731
61,891.1116333007812,336.11993408203125,0.9999959468841553,1251.4195556640625,336.9433288574219,1.0,1051.56005859375,428.3774719238281,0.9999960660934448,1181.01416015625,426.2209167480469,0.9999955892562866,1144.743408203125,495.2892761230469,0.9999991655349731,972.094970703125,593.7124633789062,0.9999994039535522,837.16259765625,667.786376953125,0.9999963045120239,971.4027709960938,632.8698120117188,0.9999755620956421,885.650390625,875.501220703125,0.9999983310699463,935.3130493164062,756.874755859375,0.9999982118606567,546.587890625,375.1806335449219,0.9999970197677612,843.9729614257812,666.703125,0.0008749356493353844,466.5027160644531,680.736328125,0.9999984502792358,684.950439453125,740.7589111328125,0.9999992847442627,461.9842224121094,844.1860961914062,0.9999668598175049,775.4612426757812,842.188232421875,0.9999991655349731
62,893.8722534179688,335.65289306640625,0.9999922513961792,1252.5311279296875,335.6265563964844,0.9999998807907104,1052.4266357421875,431.144287109375,0.9999970197677612,1182.2000732421875,428.0118103027344,0.999997615814209,1144.5323486328125,494.5471496582031,0.9999995231628418,972.4735717773438,593.581787109375,0.9999994039535522,837.015380859375,667.9918823242188,0.9999970197677612,970.9866943359375,634.152099609375,0.9999774694442749,886.5028076171875,876.9895629882812,0.9999963045120239,935.21435546875,756.97998046875,0.9999984502792358,547.716796875,374.7614440917969,0.9999933242797852,844.0892333984375,666.9892578125,0.0008207993814721704,466.3185119628906,681.3297119140625,0.9999988079071045,684.8504028320312,740.5477294921875,0.9999991655349731,461.5373840332031,847.0245361328125,0.9999678134918213,775.3418579101562,842.466552734375,0.9999992847442627
63,893.9398193359375,335.6445617675781,0.9999923706054688,1252.47265625,335.5757751464844,0.9999998807907104,1052.430419921875,431.1443176269531,0.9999969005584717,1182.2255859375,427.96124267578125,0.999997615814209,1144.48779296875,494.8999328613281,0.9999995231628418,972.576171875,593.4509887695312,0.9999994039535522,837.4786987304688,667.6132202148438,0.999996542930603,971.098876953125,633.8217163085938,0.9999736547470093,886.1490478515625,876.955322265625,0.9999967813491821,934.9788818359375,757.3178100585938,0.9999984502792358,547.6597290039062,374.7538757324219,0.9999929666519165,843.9744262695312,666.599609375,0.0009096654830500484,466.3941345214844,681.4098510742188,0.999998927116394,684.8171997070312,740.266357421875,0.9999994039535522,461.5086669921875,847.028076171875,0.9999788999557495,775.3724365234375,842.5912475585938,0.9999994039535522
64,893.6353759765625,331.6819763183594,0.9999990463256836,1255.0390625,338.34228515625,0.9999998807907104,1047.14111328125,428.031005859375,0.9999988079071045,1183.057861328125,434.0655822753906,0.9999959468841553,1139.541259765625,495.8106689453125,0.9999998807907104,969.881591796875,594.6154174804688,0.9999992847442627,841.3273315429688,659.4291381835938,0.9999964237213135,970.73388671875,636.15185546875,0.9999788999557495,885.1731567382812,878.1654663085938,0.999997615814209,934.03466796875,755.7677001953125,0.9999988079071045,541.513671875,377.54315185546875,0.999994158744812,970.8618774414062,634.3001098632812,0.0011955873342230916,465.78082275390625,681.924072265625,0.999998927116394,684.2758178710938,742.0322265625,0.9999986886978149,460.5518493652344,848.088623046875,0.9999979734420776,775.122314453125,843.1813354492188,0.9999994039535522
65,893.6192016601562,331.6781921386719,0.9999991655349731,1254.898681640625,338.38494873046875,0.9999998807907104,1047.157470703125,428.02117919921875,0.9999986886978149,1183.060302734375,434.138671875,0.9999959468841553,1139.4471435546875,495.9091796875,0.9999998807907104,970.1751098632812,594.611083984375,0.9999994039535522,841.5497436523438,659.4945068359375,0.9999967813491821,970.8958129882812,635.8390502929688,0.9999738931655884,885.0043334960938,878.3262939453125,0.9999972581863403,934.04248046875,755.9837036132812,0.9999986886978149,540.5733642578125,377.5343017578125,0.9999949932098389,970.8928833007812,634.0865478515625,0.0011522466083988547,465.5146484375,681.80908203125,0.9999988079071045,684.3424682617188,742.0162963867188,0.9999988079071045,460.6480407714844,848.1643676757812,0.9999983310699463,775.193359375,843.178466796875,0.9999992847442627
66,896.8668823242188,327.8241882324219,0.9999994039535522,1258.72216796875,343.5733642578125,0.9999995231628418,1042.9586181640625,429.1832580566406,0.9999996423721313,1186.13525390625,441.0293273925781,0.999976634979248,1138.4266357421875,496.68060302734375,0.9999998807907104,969.66064453125,596.6270141601562,0.9999988079071045,838.616943359375,667.3617553710938,0.9999940395355225,970.4051513671875,636.3558349609375,0.9999771118164062,885.3452758789062,877.9421997070312,0.9999977350234985,934.235107421875,756.7081298828125,0.9999991655349731,539.1944580078125,379.2980651855469,0.9999983310699463,315.604248046875,852.4049072265625,0.999931812286377,465.0669250488281,681.7559814453125,0.9999983310699463,684.3026123046875,741.0270385742188,0.9999990463256836,460.4785461425781,848.9864501953125,0.999998927116394,775.6013793945312,843.771728515625,0.9999991655349731
67,896.9520874023438,327.458251953125,0.9999996423721313,1258.7021484375,343.583984375,0.9999995231628418,1042.9384765625,429.3550720214844,0.9999996423721313,1186.143310546875,441.04638671875,0.9999760389328003,1138.3587646484375,496.6919250488281,0.9999998807907104,969.4887084960938,596.720703125,0.9999986886978149,838.9085083007812,667.107666015625,0.9999934434890747,970.505126953125,636.3804321289062,0.9999778270721436,885.2647705078125,877.901611328125,0.9999977350234985,934.0656127929688,757.0792236328125,0.9999991655349731,539.3925170898438,379.1441345214844,0.9999980926513672,315.5814514160156,852.7144775390625,0.9998910427093506,465.1732177734375,682.2592163085938,0.9999985694885254,684.6263427734375,741.6480712890625,0.9999990463256836,460.7917785644531,848.6914672851562,0.9999988079071045,775.3080444335938,843.5537719726562,0.9999994039535522
68,898.9086303710938,324.5772399902344,0.9999998807907104,1262.6043701171875,357.0648193359375,0.9999998807907104,1028.935302734375,439.9589538574219,0.9999992847442627,1185.2669677734375,452.1610412597656,0.9999966621398926,1133.2818603515625,495.0965881347656,0.9999996423721313,966.8763427734375,599.8560791015625,0.9999963045120239,838.3964233398438,667.410400390625,0.9999953508377075,970.2376708984375,638.7637939453125,0.9999868869781494,887.1405029296875,880.6934204101562,0.9999963045120239,933.5939331054688,755.56201171875,0.9999995231628418,537.7907104492188,379.45233154296875,0.9999974966049194,290.57952880859375,814.252685546875,0.9999909400939941,465.5794982910156,681.6964111328125,0.9999985694885254,685.106201171875,741.253662109375,0.9999992847442627,460.53985595703125,849.2342529296875,0.9999990463256836,775.4986572265625,843.8557739257812,0.9999992847442627
69,898.9860229492188,324.3904113769531,0.9999998807907104,1262.574951171875,357.062255859375,0.9999998807907104,1028.9588623046875,440.0171203613281,0.9999991655349731,1185.234619140625,452.1516418457031,0.9999969005584717,1133.334228515625,495.09600830078125,0.9999996423721313,966.783935546875,599.714111328125,0.9999967813491821,837.8998413085938,668.0809936523438,0.9999961853027344,970.2727661132812,638.6682739257812,0.9999864101409912,886.935791015625,880.3931274414062,0.9999958276748657,933.8381958007812,756.5896606445312,0.9999994039535522,538.0862426757812,379.2552185058594,0.999996542930603,290.1905212402344,814.054443359375,0.9999905824661255,465.3868408203125,681.9374389648438,0.9999984502792358,684.976318359375,741.7385864257812,0.999998927116394,460.5345764160156,849.075927734375,0.9999990463256836,775.5076293945312,844.2015380859375,0.9999991655349731
70,906.901123046875,317.4448547363281,0.9999991655349731,1264.3819580078125,377.6162109375,0.9999997615814209,1030.26611328125,449.79412841796875,0.9999988079071045,1184.165771484375,479.0991516113281,0.999990701675415,1123.11083984375,515.7982177734375,1.0,964.3241577148438,599.8842163085938,0.9999990463256836,834.4784545898438,670.1116333007812,0.999992847442627,968.8107299804688,636.9082641601562,0.9999654293060303,885.6111450195312,876.7789306640625,0.9999973773956299,931.9740600585938,759.2581787109375,0.9999996423721313,538.6622314453125,379.9646911621094,0.9999964237213135,294.4015808105469,806.2244262695312,0.9999878406524658,463.6119384765625,681.7932739257812,0.9999954700469971,685.3970947265625,742.34130859375,0.9999983310699463,460.5260314941406,849.0155639648438,0.9999970197677612,774.1485595703125,843.8565063476562,0.9999997615814209
71,906.9037475585938,317.30743408203125,0.9999991655349731,1264.35400390625,377.5988464355469,0.9999997615814209,1030.2398681640625,449.7880554199219,0.9999988079071045,1184.035888671875,478.67742919921875,0.9999918937683105,1123.2257080078125,515.7064208984375,1.0,964.4834594726562,600.1378173828125,0.9999988079071045,834.499755859375,670.3472290039062,0.999991774559021,969.0554809570312,636.9644165039062,0.9999746084213257,885.6580810546875,876.8447875976562,0.9999974966049194,931.93359375,759.267578125,0.9999996423721313,538.07666015625,379.8397216796875,0.9999964237213135,294.5382080078125,805.9661254882812,0.9999887943267822,463.5723876953125,681.9011840820312,0.9999954700469971,685.3328857421875,743.0902709960938,0.9999977350234985,460.498779296875,848.6424560546875,0.9999970197677612,774.3051147460938,844.1179809570312,0.9999997615814209
72,917.8798217773438,312.2507629394531,0.999998927116394,1265.006591796875,394.0424499511719,0.9999997615814209,1024.8472900390625,467.0657958984375,0.9999986886978149,1173.20947265625,504.4650573730469,0.9999910593032837,1104.220703125,537.8453369140625,0.9999996423721313,962.1155395507812,599.6285400390625,0.9999997615814209,829.7504272460938,676.2719116210938,0.9999972581863403,967.342529296875,635.3411865234375,0.9999831914901733,884.7249755859375,876.1448974609375,0.9999978542327881,930.8323364257812,760.05029296875,0.9999995231628418,536.271728515625,381.7140808105469,0.999997615814209,273.14324951171875,781.6976928710938,0.999994158744812,463.1183166503906,683.5467529296875,0.9999936819076538,685.0323486328125,742.1348266601562,0.9999991655349731,460.0694274902344,849.9925537109375,0.9999966621398926,775.016845703125,844.8922729492188,0.9999995231628418
73,917.8792724609375,312.2630615234375,0.999998927116394,1265.0352783203125,394.03192138671875,0.9999997615814209,1024.74365234375,466.9201354980469,0.9999985694885254,1173.2410888671875,504.0575866699219,0.9999933242797852,1104.20703125,537.8368530273438,0.9999996423721313,962.1653442382812,599.9566650390625,0.9999996423721313,829.8236694335938,676.3505249023438,0.9999971389770508,967.460693359375,635.4751586914062,0.9999861717224121,884.8433837890625,876.2771606445312,0.9999978542327881,931.2119750976562,760.2396240234375,0.9999995231628418,536.7249755859375,381.55487060546875,0.9999973773956299,273.2161865234375,781.6486206054688,0.9999947547912598,462.8758850097656,683.6524658203125,0.9999934434890747,684.8758544921875,743.2525024414062,0.9999982118606567,459.996826171875,848.9378051757812,0.999996542930603,774.9688110351562,844.9327392578125,0.9999995231628418
74,921.2765502929688,308.7200622558594,0.9999988079071045,1264.4627685546875,396.478515625,0.9999998807907104,1024.538330078125,471.4013366699219,0.9999992847442627,1164.8397216796875,508.7898864746094,0.999995231628418,1093.491943359375,547.1724853515625,1.0,959.2827758789062,601.12255859375,0.9999958276748657,832.9508056640625,671.873291015625,0.9999887943267822,966.78369140625,631.3536376953125,0.9999909400939941,883.8839721679688,876.512451171875,0.9999982118606567,931.8212280273438,759.7613525390625,0.9999995231628418,532.4877319335938,382.91253662109375,0.9999991655349731,271.9742431640625,781.0736083984375,0.9999886751174927,461.70684814453125,683.8054809570312,0.9999949932098389,684.78857421875,743.4795532226562,0.9999974966049194,460.239501953125,848.9561767578125,0.9999970197677612,774.676513671875,844.8949584960938,0.9999996423721313
75,921.2095336914062,308.838134765625,0.9999986886978149,1264.4637451171875,396.3849792480469,0.9999998807907104,1024.557373046875,471.4164733886719,0.9999992847442627,1164.8828125,508.7533264160156,0.999995231628418,1093.44921875,547.1785888671875,1.0,959.4288940429688,600.7446899414062,0.9999977350234985,833.1819458007812,672.1732788085938,0.9999904632568359,966.93994140625,631.123046875,0.9999921321868896,883.902099609375,876.5283203125,0.9999982118606567,932.109375,760.1622314453125,0.9999991655349731,532.5934448242188,383.0216979980469,0.9999991655349731,270.5370178222656,779.9901733398438,0.9999901056289673,462.00732421875,683.7288818359375,0.9999947547912598,684.79345703125,743.7000732421875,0.9999973773956299,460.3396301269531,849.1722412109375,0.9999972581863403,774.6557006835938,845.0220336914062,0.9999996423721313
76,924.1682739257812,306.8366394042969,0.9999994039535522,1267.5850830078125,398.21990966796875,0.9999998807907104,1023.0357666015625,472.8997802734375,0.9999977350234985,1162.262939453125,511.0422058105469,0.9999885559082031,1085.5810546875,556.4608154296875,0.9999997615814209,957.4317016601562,603.2255859375,0.9999985694885254,831.9253540039062,673.90771484375,0.9999951124191284,965.6981811523438,631.2427368164062,0.9999967813491821,884.4813842773438,875.948486328125,0.9999980926513672,932.2626953125,760.2103271484375,0.9999991655349731,534.8531494140625,382.7855224609375,0.9999986886978149,269.85809326171875,776.8477783203125,0.9999933242797852,462.1340026855469,683.8607788085938,0.9999945163726807,684.70751953125,743.544189453125,0.9999970197677612,459.7496643066406,849.2667846679688,0.9999979734420776,774.6254272460938,845.4082641601562,0.9999995231628418
77,924.0018310546875,307.0333251953125,0.9999995231628418,1267.589111328125,398.2402648925781,0.9999998807907104,1023.0301513671875,472.96514892578125,0.999997615814209,1162.183349609375,510.976318359375,0.9999864101409912,1085.5626220703125,556.4972534179688,0.9999997615814209,957.2525634765625,602.8383178710938,0.9999985694885254,832.9127197265625,672.2470092773438,0.999993085861206,965.462158203125,631.1935424804688,0.9999966621398926,884.7385864257812,876.3342895507812,0.9999979734420776,932.3685302734375,760.035400390625,0.9999991655349731,534.9217529296875,382.78607177734375,0.9999984502792358,270.16607666015625,776.1070556640625,0.9999945163726807,462.5906066894531,683.7526245117188,0.999994158744812,684.8365478515625,743.4405517578125,0.9999979734420776,459.7312316894531,849.4268798828125,0.9999982118606567,774.9473876953125,845.2286376953125,0.9999994039535522
78,928.182373046875,306.72747802734375,0.9999995231628418,1269.7132568359375,399.2500915527344,0.9999997615814209,1021.4388427734375,475.6041259765625,0.9999971389770508,1159.0828857421875,514.6740112304688,0.9999980926513672,1084.2208251953125,564.8388061523438,0.9999998807907104,957.3822631835938,602.1492309570312,0.9999985694885254,833.671142578125,670.3871459960938,0.9999951124191284,964.8931274414062,630.1050415039062,0.9999985694885254,885.34912109375,876.2394409179688,0.9999979734420776,932.8496704101562,757.5892333984375,0.9999996423721313,535.6844482421875,383.9103698730469,0.999997615814209,269.1145324707031,772.9378051757812,0.9999992847442627,463.29656982421875,682.968017578125,0.999995231628418,684.8295288085938,743.0443115234375,0.9999982118606567,461.563232421875,848.1216430664062,0.9999969005584717,775.861328125,845.330810546875,0.9999990463256836
79,928.479736328125,306.6687927246094,0.9999994039535522,1269.9432373046875,399.2713928222656,0.9999997615814209,1021.3458251953125,475.5726318359375,0.9999970197677612,1159.001953125,514.6930541992188,0.9999979734420776,1084.240966796875,564.8148193359375,0.9999998807907104,957.0274658203125,602.5808715820312,0.999998927116394,832.677978515625,671.440185546875,0.9999880790710449,964.7351684570312,630.2252807617188,0.9999982118606567,885.5197143554688,876.23974609375,0.9999978542327881,932.6924438476562,757.9896850585938,0.9999996423721313,535.8023071289062,383.90191650390625,0.9999973773956299,269.58245849609375,772.5969848632812,0.9999992847442627,463.2000427246094,682.954345703125,0.9999948740005493,684.5966186523438,742.8418579101562,0.9999983310699463,461.6078796386719,849.1775512695312,0.9999984502792358,775.7186279296875,845.49560546875,0.9999990463256836
80,928.4500122070312,307.23516845703125,0.9999995231628418,1271.576416015625,401.8309631347656,0.9999998807907104,1018.3504028320312,477.5177001953125,0.9999957084655762,1156.5819091796875,516.9012451171875,0.9999990463256836,1082.666748046875,567.767578125,0.9999995231628418,955.8107299804688,602.1491088867188,0.9999983310699463,832.274658203125,672.0026245117188,0.9999885559082031,963.3421630859375,629.6005859375,0.9999967813491821,885.3002319335938,875.9384155273438,0.9999979734420776,932.0198974609375,757.779296875,0.9999997615814209,531.39306640625,387.7966003417969,0.9999997615814209,269.8360595703125,772.3024291992188,0.9999992847442627,462.9285888671875,683.2134399414062,0.9999940395355225,684.404052734375,742.7760620117188,0.9999984502792358,461.7364807128906,850.4190673828125,0.9999986886978149,775.581787109375,845.625732421875,0.999998927116394
81,928.7052612304688,307.2035827636719,0.9999995231628418,1271.4793701171875,401.8207702636719,0.9999998807907104,1018.3355102539062,477.4559326171875,0.9999958276748657,1156.603759765625,516.917724609375,0.9999990463256836,1082.7908935546875,567.8617553710938,0.9999995231628418,955.8633422851562,602.1755981445312,0.9999985694885254,832.9401245117188,672.04345703125,0.9999923706054688,963.1852416992188,629.8487548828125,0.9999966621398926,885.1160278320312,876.0122680664062,0.9999980926513672,931.9674682617188,757.745361328125,0.9999997615814209,531.7001953125,387.65093994140625,0.9999997615814209,269.306884765625,771.8569946289062,0.9999994039535522,463.1046142578125,683.0485229492188,0.9999947547912598,684.504150390625,742.2841796875,0.999998927116394,461.74664306640625,850.4144287109375,0.9999986886978149,775.598876953125,845.460205078125,0.999998927116394
82,926.634765625,304.4786682128906,0.999996542930603,1268.0784912109375,400.0274658203125,0.9999998807907104,1016.093994140625,478.0708312988281,0.9999977350234985,1155.3663330078125,517.1810913085938,0.9999984502792358,1079.9454345703125,569.2916259765625,0.9999995231628418,953.78662109375,601.85595703125,0.9999966621398926,829.986572265625,674.92333984375,0.9999967813491821,961.4505615234375,628.9794921875,0.9999818801879883,884.4617309570312,875.290283203125,0.9999982118606567,930.5138549804688,757.5247802734375,0.9999997615814209,530.725341796875,387.0013427734375,0.9999996423721313,269.06365966796875,771.6226806640625,0.9999992847442627,461.8255615234375,683.082763671875,0.9999947547912598,683.9414672851562,739.9522094726562,0.9999991655349731,459.6851806640625,847.775634765625,0.9999971389770508,775.0040283203125,845.4786987304688,0.9999994039535522
83,926.2171630859375,304.1004638671875,0.9999954700469971,1268.0709228515625,400.00750732421875,0.9999998807907104,1016.0352172851562,478.0075378417969,0.9999978542327881,1155.1346435546875,517.3831176757812,0.9999982118606567,1079.9678955078125,569.193359375,0.9999995231628418,953.697265625,601.4429931640625,0.9999953508377075,830.3675537109375,674.689697265625,0.9999963045120239,961.4829711914062,629.0034790039062,0.999985933303833,884.473388671875,875.1036987304688,0.9999982118606567,930.748291015625,757.26513671875,0.9999997615814209,530.6270141601562,386.9960021972656,0.9999996423721313,268.54327392578125,771.51904296875,0.9999986886978149,461.99273681640625,682.5658569335938,0.9999943971633911,683.9689331054688,739.4557495117188,0.9999990463256836,459.8941650390625,849.7872314453125,0.9999988079071045,774.8720703125,845.153564453125,0.9999995231628418
84,927.2325439453125,302.4394226074219,0.999995231628418,1269.09912109375,397.3331298828125,0.9999998807907104,1015.8182373046875,474.7241516113281,0.9999985694885254,1153.3868408203125,515.1116943359375,0.9999985694885254,1079.713134765625,568.4321899414062,0.9999994039535522,955.5794677734375,598.5989379882812,0.9999978542327881,831.0247192382812,673.1156005859375,0.9999891519546509,963.0916748046875,625.4492797851562,0.9999979734420776,884.9417114257812,872.0166625976562,0.9999973773956299,931.8713989257812,754.1238403320312,0.9999996423721313,531.4325561523438,383.25604248046875,0.9999991655349731,268.35894775390625,771.3207397460938,0.9999967813491821,461.7900085449219,681.0587768554688,0.999993085861206,684.4476318359375,740.30615234375,0.9999991655349731,462.0442199707031,848.1895751953125,0.9999935626983643,774.3529663085938,841.8464965820312,0.9999991655349731
